SMILES,sample-id,1H_NMR,13C_NMR,HSQC,COSY
Nc1ccccc1C(OCCNCC)OCC,AZ10006736_aug_st,"[[0.92, 0.4863707330404429], [0.93, 1.0], [0.95, 0.4809245821042236], [2.48, 0.1434795805393753], [2.49, 0.45145180786491973], [2.5, 0.47265858939452715], [2.51, 0.1320328596245878], [2.67, 0.11299865569593717], [2.68, 0.2637465171292184], [2.69, 0.11699859520572088], [4.16, 0.1254458642149847], [4.17, 0.28156184130038464], [4.18, 0.12311155477649424], [6.55, 0.273148913425676], [6.57, 0.27165434562510876], [7.61, 0.2554538866699232], [7.62, 0.24029649590247656]]","[166.31, 153.71, 131.38, 116.31, 113.01, 62.37, 50.96, 47.3, 12.12]","[[0.93, 12.32], [2.49, 47.48], [2.68, 51.17], [4.2, 62.6], [6.56, 113.23], [7.62, 131.69]]","[[0.92, 2.5], [0.94, 0.95], [2.49, 0.95], [2.5, 2.5], [2.68, 4.19], [2.68, 2.69], [4.17, 2.69], [4.18, 4.19], [6.56, 7.63], [6.57, 6.57], [7.62, 6.57], [7.64, 7.63]]"
O=C(O)CCc1cccc(c1)c1cnc(o1)c1ccccc1,AZ10011150_aug_st,"[[2.65, 0.2068600618967778], [2.66, 0.478270696661853], [2.68, 0.23954675117863927], [2.99, 0.3401064553544278], [3.0, 0.683416949623457], [3.01, 0.28871768075285886], [7.31, 0.048962803835451346], [7.32, 0.08930408436879997], [7.32, 0.05746941856299701], [7.32, 0.13824491496209232], [7.33, 0.12742062621075564], [7.33, 0.5162444704454882], [7.34, 0.26310690344860976], [7.34, 0.4747487507139411], [7.34, 0.1793599009740174], [7.35, 0.11560122668645145], [7.35, 0.07321109372301729], [7.36, 0.126895477769186], [7.36, 0.7569124574142497], [7.36, 0.5622336158429736], [7.37, 0.8758096620616622], [7.37, 0.39529900379981153], [7.37, 0.39741103904886915], [7.37, 0.1949751325806822], [7.38, 1.0], [7.38, 0.10308166470886969], [7.38, 0.0508386130775398], [7.39, 0.29882419722334513], [7.39, 0.2699964110733329], [7.4, 0.08453616749615847], [7.4, 0.9182780250140729], [7.41, 0.18571782843198623], [7.41, 0.39248847113162205], [7.41, 0.1040855229373257], [7.47, 0.4526826951225824], [7.47, 0.05145973355772765], [7.48, 0.21417503261144713], [7.48, 0.8575765680759129], [7.49, 0.41155672096354184], [7.49, 0.7055318354370631], [7.49, 0.12253260733979449], [7.5, 0.059608275364457], [7.51, 0.2332997060110906], [7.51, 0.7660638411740222], [7.51, 0.48679549956564316], [7.52, 0.41474257040892276], [7.52, 0.7548415102453075], [7.52, 0.12103817778782837]]","[163.44, 144.89, 134.66, 132.34, 129.35, 129.23, 129.07, 128.77, 128.62, 127.77, 126.67, 23.96]","[[2.68, 24.09], [3.0, 23.92], [7.37, 129.23], [7.38, 128.7], [7.47, 129.4], [7.48, 126.76], [7.51, 129.23], [7.51, 127.99]]","[[2.66, 2.51], [2.67, 2.85], [2.99, 2.51], [3.0, 2.85], [7.32, 7.19], [7.36, 7.22], [7.38, 7.34], [7.4, 7.23], [7.47, 7.31], [7.51, 7.22], [7.52, 7.36]]"
CC(CCCN)c1cc(N)c2nccc(OC)c2c1,AZ10011678_aug_st,"[[1.19, 0.20266391321914687], [1.2, 0.18249632131057836], [1.39, 0.004864010922735114], [1.41, 0.015049891893915118], [1.42, 0.014377728538847312], [1.44, 0.0036658477115951715], [1.44, 0.017758936425493182], [1.45, 0.0034532564029788786], [1.45, 0.004726242676428288], [1.46, 0.004394358825373247], [1.47, 0.008761378560483809], [1.48, 0.012284920361517704], [1.49, 0.010230708604479279], [1.5, 0.004305769504944325], [1.51, 0.006321236442144661], [1.53, 0.008546018212700747], [1.54, 0.014339041288614096], [1.55, 0.007173915412861399], [1.55, 0.007433402922439056], [1.56, 0.003024969273321361], [1.61, 0.007188206998332581], [1.62, 0.010936017314097865], [1.63, 0.020069346392607858], [1.64, 0.018092171357388765], [1.65, 0.0068870075190293045], [1.65, 0.008345670238126383], [1.67, 0.00349876324474741], [2.54, 0.07294157948202977], [2.54, 0.01759308366703218], [2.55, 0.06709709998981189], [2.56, 0.03844932174607882], [3.56, 0.010547102279337854], [3.57, 0.022748648251769206], [3.58, 0.0277339046750637], [3.59, 0.03186311979251211], [3.6, 0.02319056668465622], [3.61, 0.010307168338796819], [3.81, 1.0], [6.24, 0.14681764717780646], [6.46, 0.15750110379397445], [7.4, 0.06700804065581326], [7.41, 0.07798267186139725], [7.41, 0.07736440756237552], [7.42, 0.06965298270581477], [8.05, 0.08514869313846862], [8.07, 0.08353561655383207], [8.52, 0.11091325837059944], [8.53, 0.11704658623173878]]","[159.08, 144.72, 144.33, 134.89, 134.59, 129.66, 122.18, 96.14, 91.66, 55.06, 47.27, 41.53, 33.57, 29.54, 20.29]","[[1.21, 20.63], [1.43, 33.91], [1.43, 27.27], [1.46, 30.0], [1.47, 29.03], [1.49, 27.27], [1.53, 33.91], [1.64, 33.91], [1.64, 30.0], [2.55, 41.92], [3.21, 43.09], [3.59, 47.58], [3.81, 55.39], [6.25, 96.6], [6.46, 92.11], [7.41, 122.58], [8.06, 135.27], [8.53, 144.64], [8.56, 172.57]]","[[1.2, 3.59], [1.2, 1.2], [1.42, 2.56], [1.43, 1.65], [1.44, 1.45], [1.47, 1.48], [1.5, 1.67], [1.5, 1.53], [1.53, 1.54], [1.53, 3.59], [1.61, 1.64], [1.64, 3.59], [1.66, 1.51], [2.53, 2.56], [2.55, 1.42], [3.58, 1.2], [3.58, 1.64], [3.82, 3.83], [6.24, 6.25], [6.46, 6.47], [7.4, 8.54], [7.41, 8.07], [7.41, 7.43], [8.06, 7.41], [8.07, 8.07], [8.52, 8.54], [8.53, 7.41]]"
O=C(CN1CCN(C)CC1)N1C=CC=C2Nc3ccccc3C(=O)N=C21,AZ10023088_aug_st,"[[1.95, 0.09051399788648506], [1.97, 0.1678963858428205], [1.98, 0.11256469962719673], [2.08, 1.0], [2.19, 0.042888314594929644], [2.19, 0.05469341547466415], [2.23, 0.025208386410773165], [2.25, 0.021195605159919403], [2.26, 0.01713346326234043], [2.27, 0.013672403758671452], [2.86, 0.13483730939504202], [2.89, 0.1461667151314508], [3.57, 0.14452871760243624], [3.59, 0.1406105618106505], [7.39, 0.21007231032132656], [7.4, 0.21259035077331168], [7.41, 0.23245848269997638], [7.41, 0.22509452083315198], [7.45, 0.07453494336211025], [7.45, 0.13063891716161885], [7.46, 0.15139016757563373], [7.47, 0.16241168922047067], [7.48, 0.09651126139071471], [7.64, 0.2985189163637693], [7.65, 0.3779092751265488], [7.66, 0.12283622280726592], [7.76, 0.1459466623191064], [7.77, 0.15200762848637558], [8.19, 0.15191516743092554], [8.19, 0.1299213199371788]]","[169.94, 167.01, 147.06, 144.49, 140.47, 133.38, 131.21, 130.95, 130.73, 129.53, 128.79, 128.61, 124.69, 60.95, 54.12, 52.01, 45.4]","[[1.95, 52.05], [2.07, 45.37], [2.16, 54.16], [2.2, 52.05], [2.87, 61.01], [3.58, 61.01], [7.38, 124.83], [7.44, 131.16], [7.44, 128.7], [7.63, 133.44], [7.63, 130.81], [7.75, 130.98], [8.18, 144.52]]","[[1.95, 2.22], [1.95, 1.97], [2.06, 2.08], [2.17, 2.18], [2.22, 1.97], [2.88, 3.59], [2.88, 2.87], [3.58, 3.59], [3.58, 2.87], [7.39, 7.4], [7.39, 7.65], [7.4, 8.19], [7.44, 7.46], [7.44, 7.65], [7.63, 7.4], [7.64, 7.65], [7.74, 7.77], [7.75, 7.46], [8.18, 7.4], [8.18, 8.19]]"
O=C(Oc1ccccc1)c1ccc(N)cc1,AZ10034756_aug_st,"[[6.76, 0.21417621920894622], [6.77, 0.4767433089600741], [6.79, 0.23087119462435501], [7.05, 0.21811597763410567], [7.07, 0.46659308780217695], [7.08, 0.2577076167469658], [7.21, 0.35846085246378956], [7.23, 1.0], [7.24, 0.866240617001911], [7.34, 0.6464654262562586], [7.35, 0.6555853989368271], [7.36, 0.529435240934512], [7.38, 0.3878868687713212], [7.39, 0.18500280005615363], [7.9, 0.358348790178936], [7.91, 0.33631721745526605]]","[170.05, 147.07, 140.56, 134.27, 131.97, 129.59, 123.19, 121.45, 117.52, 113.82, 112.64]","[[6.77, 117.97], [7.06, 123.6], [7.22, 114.28], [7.23, 122.02], [7.35, 130.1], [7.38, 134.68], [7.9, 132.39], [7.9, 132.57]]","[[6.76, 7.91], [6.77, 6.79], [6.78, 7.91], [6.79, 7.4], [7.06, 7.36], [7.07, 7.08], [7.24, 7.24], [7.35, 7.36], [7.37, 7.24], [7.37, 7.08], [7.4, 6.79], [7.9, 6.79], [7.91, 7.91]]"
CCCOc1cccc2c1CCCC2NCCC,AZ10075521_aug_st,"[[0.82, 0.4385121316722242], [0.83, 1.0], [0.84, 0.4663614193025512], [1.34, 0.0284904318640475], [1.36, 0.118511130885111], [1.37, 0.21187752444904515], [1.37, 0.013144097162801936], [1.38, 0.04110725149338142], [1.38, 0.1938810135038049], [1.39, 0.11390715964054444], [1.4, 0.00816225213951665], [1.41, 0.009048192844845811], [1.41, 0.02798938640548525], [1.42, 0.034055321851637434], [1.43, 0.037009250498450726], [1.44, 0.03513217766760718], [1.45, 0.03578577294695711], [1.46, 0.013332079268169057], [1.47, 0.01232099362893317], [1.84, 0.021580876124404614], [1.84, 0.014664512759054033], [1.85, 0.01031224015009098], [1.85, 0.015296544976104418], [1.85, 0.02269526832240134], [1.86, 0.019635563797301057], [1.86, 0.014615473012057503], [1.87, 0.014611308500367827], [1.87, 0.02047203519815734], [2.24, 0.032071375380939834], [2.26, 0.033567024658724715], [2.27, 0.03454352701995096], [2.29, 0.03889709190761662], [2.4, 0.19992474486995268], [2.41, 0.24679286681097362], [2.42, 0.19241589648316648], [2.64, 0.009667417789421198], [2.65, 0.01031393286612041], [2.66, 0.005660312034929993], [2.67, 0.02858523405561379], [2.68, 0.018024178308560873], [2.69, 0.019065541899563686], [2.7, 0.017732887984115722], [2.71, 0.02462325031779512], [2.71, 0.028827666645076928], [2.72, 0.02521327016172785], [2.73, 0.04832746111046088], [2.73, 0.02601234669281356], [2.73, 0.021488415740454125], [2.74, 0.02571006884143066], [2.74, 0.03663138125078418], [2.75, 0.010784195227120796], [2.75, 0.015578616353568496], [2.76, 0.02699388970486028], [2.76, 0.012022537637794626], [2.77, 0.008171827635466518], [2.77, 0.004622871933616592], [2.77, 0.023601310111581054], [2.78, 0.022853921988584994], [2.78, 0.022052896210004266], [2.79, 0.01676656857339881], [2.79, 0.018175136732384654], [2.8, 0.010848182036189582], [2.8, 0.0105721347244915], [2.81, 0.008417080922697617], [2.81, 0.00877712756409067], [6.48, 0.09345265670094384], [6.49, 0.10104744513019548], [6.54, 0.09999667120899866], [6.55, 0.10930394270712285], [6.83, 0.07263818498225341], [6.85, 0.1278923310964768], [6.86, 0.06421874052346772], [9.29, 0.027592366757860923]]","[155.34, 137.82, 126.06, 123.41, 119.39, 111.7, 56.57, 52.25, 29.9, 25.98, 25.56, 21.96, 12.1]","[[0.82, 12.43], [1.37, 22.0], [1.42, 25.71], [1.84, 25.71], [2.42, 52.46], [2.69, 29.81], [2.74, 26.1], [2.76, 30.0], [2.79, 56.76], [6.5, 119.45], [6.56, 111.83], [6.87, 126.09]]","[[0.81, 1.39], [0.83, 0.84], [1.38, 2.42], [1.38, 1.39], [1.38, 0.84], [1.42, 2.76], [1.44, 1.87], [1.45, 1.43], [1.84, 1.87], [1.86, 1.43], [2.27, 2.75], [2.27, 2.28], [2.41, 2.42], [2.42, 1.39], [2.68, 1.86], [2.71, 2.72], [2.72, 2.28], [2.74, 2.75], [2.74, 1.45], [2.77, 2.75], [2.77, 2.67], [2.78, 2.8], [6.46, 6.47], [6.49, 6.86], [6.54, 6.86], [6.55, 6.55], [6.84, 6.47], [6.85, 6.86], [6.86, 6.57]]"
CN(C)CCCN1C=CSc2cc3ccccc3c(C)c21,AZ10096198_aug_st,"[[0.85, 0.2033746373555064], [0.86, 0.20343643721506485], [2.03, 0.048384153217499455], [2.05, 1.0], [2.05, 0.08000073216463514], [2.22, 0.013019942503352642], [2.24, 0.04140818642773359], [2.25, 0.03798905519882657], [2.26, 0.00825341645485986], [3.55, 0.025879677708247093], [3.57, 0.027932811123319], [3.58, 0.02864791984492467], [3.59, 0.030673632348868225], [3.89, 0.031087528128078124], [3.9, 0.0327155757985822], [3.92, 0.026506063778099668], [3.92, 0.02741567289209965], [6.91, 0.07031146746192608], [6.92, 0.1412940142929576], [6.94, 0.07780931145159078], [6.99, 0.11560037186480875], [7.01, 0.13466379559344996], [7.13, 0.15922495545655585], [7.15, 0.13319522323008937], [7.17, 0.07338422781418519], [7.18, 0.0785759824381618], [7.18, 0.1064817661539847], [7.2, 0.056460909663759544]]","[145.4, 127.69, 127.39, 124.57, 122.69, 116.39, 64.05, 51.47, 45.88, 28.8, 16.74]","[[0.86, 17.06], [2.04, 64.35], [2.04, 29.02], [2.06, 46.25], [2.23, 64.35], [3.58, 51.7], [3.92, 51.7], [6.93, 123.07], [7.01, 116.74], [7.14, 127.82], [7.19, 127.99]]","[[0.84, 2.04], [0.84, 0.87], [2.03, 3.91], [2.03, 3.55], [2.03, 0.87], [2.05, 2.06], [2.23, 2.25], [3.49, 3.51], [3.56, 3.92], [3.58, 2.04], [3.89, 2.04], [3.92, 3.92], [3.92, 3.62], [6.92, 6.93], [6.93, 7.19], [6.99, 7.19], [7.01, 7.0], [7.13, 6.94], [7.13, 7.15], [7.18, 7.19], [7.19, 7.0]]"
Oc1cc(O)ccc1CC(=O)OC,AZ10117523_aug_st,"[[3.43, 0.29608819896726907], [3.74, 1.0], [6.63, 0.05943857002866019], [6.64, 0.06025170897419355], [6.65, 0.09178307691107426], [6.65, 0.09035284180242482], [6.7, 0.23046079139197853], [6.71, 0.14970124940397195], [6.81, 0.14427286099451736], [6.81, 0.15153848476118614]]","[173.53, 147.76, 145.7, 126.18, 122.09, 115.7, 113.97, 56.02, 40.75]","[[2.51, -5.27], [3.42, 40.8], [3.73, 56.09], [6.63, 122.19], [6.69, 115.86], [6.8, 114.11]]","[[3.43, 3.44], [3.73, 3.73], [6.63, 6.83], [6.64, 6.64], [6.68, 6.71], [6.69, 6.63], [6.8, 6.82]]"
Fc1ccc(cc1)C(=O)C1CCN(CCC2=CN3C=C(C)C=CC3=NC2=O)CC1,AZ10139651_aug_st,"[[1.53, 0.07557979394500637], [1.53, 0.05922553353550158], [1.55, 0.20332552316442448], [1.55, 0.08001854490940725], [1.55, 0.10847508835391596], [1.57, 0.2350486504993446], [1.58, 0.17461431678980716], [1.59, 0.09917607139919281], [1.6, 0.08129187716432693], [1.73, 0.09150221183650725], [1.74, 0.1319118108348435], [1.74, 0.22646143989919176], [1.76, 0.09302143873247205], [1.76, 0.2087697770411179], [2.15, 0.11501719825645261], [2.17, 0.27185074595365977], [2.19, 0.15815847105367836], [2.42, 0.3683207065304092], [2.43, 0.4222968875552876], [2.43, 0.40149476358899067], [2.44, 0.2895126867002595], [2.45, 0.2985248257515306], [2.76, 0.35975077468618816], [2.77, 0.31164704576585456], [2.78, 0.3191281124147826], [2.97, 0.2750095163981087], [2.99, 0.27579784007946384], [3.33, 0.10381925429714502], [3.33, 0.04823057857017783], [3.34, 0.05338848927498909], [3.35, 0.19747313999560379], [3.35, 0.09807240727562785], [3.36, 0.04565447087462758], [3.36, 0.09404837339617997], [3.37, 0.09356082241640529], [3.38, 0.040411113234904976], [7.25, 0.23164431400597454], [7.27, 0.3528128795756628], [7.28, 0.24715898569560957], [7.31, 0.5135153730095915], [7.32, 1.0], [7.34, 0.528930091328907], [7.54, 0.38068211916177985], [7.55, 0.4026061244917139], [7.82, 0.24352398565587777], [7.83, 0.301036475062635], [7.84, 0.20433232070250923], [7.85, 0.20632689056095826], [8.02, 0.4828720195237811], [8.03, 0.5280113123950948], [8.84, 0.28251460331538714], [8.85, 0.2818476163111417]]","[201.94, 166.24, 164.57, 161.84, 157.62, 148.47, 136.66, 132.75, 131.67, 126.99, 125.61, 116.37, 116.23, 113.12, 56.71, 52.8, 43.14, 28.75, 24.18, 22.52]","[[1.55, 28.67], [1.75, 28.84], [2.17, 52.75], [2.43, 22.34], [2.44, 56.79], [2.77, 24.09], [2.97, 52.75], [3.36, 43.08], [7.27, 116.39], [7.32, 116.39], [7.55, 125.71], [7.84, 136.78], [8.03, 131.69], [8.85, 126.94]]","[[1.55, 1.57], [1.56, 3.36], [1.56, 2.18], [1.56, 1.76], [1.74, 1.76], [1.75, 1.57], [2.16, 2.98], [2.16, 1.57], [2.17, 2.18], [2.17, 1.76], [2.42, 2.76], [2.42, 2.44], [2.75, 2.78], [2.75, 2.45], [2.97, 2.18], [2.99, 2.98], [3.35, 3.37], [3.36, 1.57], [7.26, 7.27], [7.27, 7.83], [7.27, 8.85], [7.31, 8.04], [7.32, 7.33], [7.53, 7.55], [7.54, 7.85], [7.81, 7.85], [7.82, 7.27], [7.83, 7.55], [7.84, 7.85], [8.01, 8.04], [8.03, 7.33], [8.84, 7.27], [8.85, 8.85]]"
CCN(CC1CCCN1)C(=O)c1ccc(OC)c(c1)S(N)(=O)=O,AZ10161092_aug_st,"[[1.04, 0.24704357297877408], [1.05, 0.5044960478979337], [1.06, 0.24884048972372774], [1.48, 0.013001119467142065], [1.49, 0.01483643515684689], [1.49, 0.011156919944693616], [1.5, 0.013599411890793705], [1.5, 0.012371254917447578], [1.5, 0.015773839251384158], [1.51, 0.015966663227514173], [1.51, 0.01297226659815119], [1.51, 0.0183202324461555], [1.52, 0.02034144184308605], [1.52, 0.02907615148229134], [1.53, 0.021520652682424864], [1.53, 0.014018799161697694], [1.54, 0.022102053772204696], [1.59, 0.0070795164593229955], [1.59, 0.009682133578727941], [1.6, 0.008120560481127477], [1.6, 0.007995088400944908], [1.6, 0.010349659555870855], [1.61, 0.01894684473826081], [1.61, 0.026526542021711504], [1.62, 0.012029566955735415], [1.62, 0.0035576423524484612], [1.63, 0.0042594794933804095], [1.63, 0.017252925599648115], [1.63, 0.03913992781566979], [1.64, 0.026678534434734433], [1.64, 0.030414747550793216], [1.64, 0.021907398988668617], [1.65, 0.052140752920221356], [1.65, 0.02454452847090441], [1.66, 0.016303379228927918], [1.66, 0.009940674347903094], [1.67, 0.009682833349173137], [1.67, 0.0059154405258740085], [1.67, 0.01960824152406576], [1.78, 0.022575688496753992], [1.8, 0.058384676427473144], [1.81, 0.05323171877227643], [1.81, 0.02302953073235695], [1.82, 0.05163372415460736], [1.83, 0.043893819803636415], [1.83, 0.017537025398922164], [1.85, 0.01462137885690783], [2.1, 0.03884655484724437], [2.11, 0.03475274690828775], [2.12, 0.07380773362322351], [2.13, 0.04104456285135628], [2.13, 0.06529007371909193], [2.15, 0.034144836810929384], [2.19, 0.01753503928835757], [2.2, 0.05817698738916086], [2.21, 0.0626882841703176], [2.21, 0.017470732375226325], [2.22, 0.021692610044759145], [2.22, 0.06124579244085976], [2.23, 0.06071895505055045], [2.24, 0.017918628496125136], [2.56, 0.015613097254282254], [2.57, 0.03259664198420028], [2.57, 0.016247031976272776], [2.58, 0.031664711447059235], [2.58, 0.04792138106602166], [2.59, 0.03442634328198313], [2.59, 0.04513390354675055], [2.6, 0.016422543887735237], [2.6, 0.01596162180230886], [2.78, 0.01845096219294573], [2.79, 0.06215910559832952], [2.8, 0.01783447362908137], [2.81, 0.05822934886942755], [2.81, 0.06459688434428461], [2.82, 0.021215333559216905], [2.83, 0.05649810020332643], [2.84, 0.01669882785043922], [3.08, 0.03724882236771801], [3.08, 0.03188067128195248], [3.09, 0.06615866330738954], [3.09, 0.03250509881893058], [3.1, 0.03194509333686397], [3.1, 0.037497715736004904], [3.11, 0.033971182386875014], [3.14, 0.03476965373299649], [3.14, 0.034742376421164206], [3.15, 0.03479818583312138], [3.15, 0.036407685036666526], [3.16, 0.05448835558218823], [3.16, 0.04568270391481491], [3.17, 0.048980863073488805], [3.18, 0.040049549535625006], [3.47, 0.08523759307635786], [3.48, 0.0584171809941893], [3.49, 0.036959607824834685], [3.49, 0.04473016272293214], [3.5, 0.03751237548684128], [3.5, 0.03796382116723823], [3.51, 0.03294437098082686], [3.51, 0.036480879355350236], [3.96, 1.0], [7.31, 0.17735545081235232], [7.32, 0.3627794176070191], [7.88, 0.11208259093191336], [7.88, 0.1048000749437939], [7.89, 0.09453428111424562], [7.9, 0.106556771760374], [8.27, 0.204612883486478], [8.27, 0.1904636638206851]]","[164.08, 159.68, 136.8, 130.37, 129.1, 123.11, 113.09, 62.42, 57.04, 53.61, 48.08, 42.17, 28.62, 22.96, 14.41]","[[1.03, 15.05], [1.49, 28.67], [1.64, 22.86], [1.8, 28.67], [2.12, 53.63], [2.2, 48.18], [2.57, 62.42], [2.81, 48.18], [3.09, 53.63], [3.15, 42.03], [3.49, 42.2], [3.95, 56.97], [7.31, 113.23], [7.88, 130.46], [8.27, 129.23]]","[[1.06, 2.81], [1.06, 2.22], [1.06, 1.06], [1.48, 2.62], [1.53, 1.83], [1.53, 1.53], [1.65, 1.65], [1.67, 1.81], [1.83, 1.83], [1.84, 2.59], [1.84, 1.65], [2.14, 3.09], [2.14, 1.65], [2.15, 2.14], [2.22, 1.06], [2.23, 2.81], [2.23, 2.23], [2.51, 2.51], [2.59, 3.17], [2.59, 2.59], [2.59, 1.83], [2.59, 1.51], [2.81, 1.06], [2.83, 2.81], [2.83, 2.23], [3.09, 1.62], [3.11, 3.11], [3.16, 3.48], [3.16, 2.59], [3.19, 3.16], [3.5, 3.16], [3.97, 3.97], [7.33, 7.9], [7.34, 7.33], [7.9, 7.32], [7.91, 7.9], [8.28, 8.27]]"
Clc1cccc(c1CN1CCN(C)CC1)c1ccccc1,AZ10169773_aug_st,"[[2.12, 1.0], [2.23, 0.004654951300115308], [2.39, 0.009912435185751073], [4.25, 0.33476052645955845], [7.17, 0.06015886134895355], [7.18, 0.15770835433123853], [7.19, 0.10392163371890682], [7.27, 0.16732105158123625], [7.28, 0.3351443306444369], [7.29, 0.19461366977271774], [7.32, 0.31933842287762904], [7.34, 0.45498860210566405], [7.37, 0.22445149160672775], [7.39, 0.24068351709267877], [7.42, 0.3970254510500021], [7.44, 0.338013217270181]]","[142.82, 142.46, 131.76, 129.79, 129.11, 128.96, 127.96, 127.52, 74.8, 55.06, 51.7, 45.9]","[[2.11, 45.82], [2.26, 51.68], [2.32, 55.2], [4.24, 74.92], [7.17, 127.65], [7.27, 129.22], [7.32, 129.02], [7.37, 128.04], [7.42, 129.8]]","[[2.11, 2.24], [2.22, 2.37], [2.38, 2.51], [4.24, 4.37], [7.15, 7.39], [7.17, 7.31], [7.27, 7.39], [7.29, 7.28], [7.32, 7.53], [7.32, 7.26], [7.33, 7.33], [7.36, 7.47], [7.41, 7.31], [7.43, 7.55]]"
O=C(Cc1cccc(c1)c1ccccc1)CC(=O)O,AZ10175972_aug_st,"[[2.6, 0.39974426955716913], [2.61, 0.5381254759372639], [2.62, 0.42360999618961787], [3.27, 0.4325115935249315], [3.28, 0.5894070956504366], [3.29, 0.38173695790900186], [7.41, 0.14866073831243518], [7.43, 0.41175532999405157], [7.44, 0.2833179685125883], [7.49, 0.49877549472093946], [7.5, 0.7507744701385838], [7.52, 0.36182127721772733], [7.74, 0.6604299434200126], [7.75, 0.6668018733808613], [7.82, 0.8873686811326876], [7.83, 0.9819921116931881], [7.83, 0.2875550022381885], [8.05, 1.0], [8.07, 0.8451411373368861]]","[198.12, 173.92, 144.61, 138.96, 135.31, 129.17, 128.65, 128.45, 127.04, 126.96, 33.19, 27.96]","[[2.61, 28.31], [3.28, 33.59], [7.43, 128.87], [7.5, 129.75], [7.74, 127.64], [7.82, 127.47], [8.06, 129.23]]","[[2.61, 3.28], [2.61, 2.62], [3.27, 2.62], [3.29, 3.28], [7.43, 7.54], [7.43, 7.43], [7.5, 7.4], [7.5, 7.74], [7.51, 7.51], [7.73, 7.76], [7.74, 7.51], [7.82, 8.07], [7.84, 7.83], [8.06, 7.83], [8.07, 8.07]]"
CC(=O)Oc1cc(C2CC(=O)N(CCN(C)C)c3ccccc3S2)c(OC)cc1,AZ10180667_aug_st,"[[1.8, 0.6314238030927427], [2.12, 1.0], [2.25, 0.01362465374141842], [2.26, 0.015674613295346577], [2.27, 0.028994647583080922], [2.27, 0.01542994736704625], [2.28, 0.017584174137505917], [2.29, 0.01841924930805501], [2.3, 0.017010406582861112], [2.51, 0.011877859508402377], [2.51, 0.037702968680008504], [2.52, 0.014894493445757676], [2.53, 0.01732812944886483], [2.53, 0.01729630520776605], [2.54, 0.03059548966455945], [3.67, 0.01781213125965746], [3.67, 0.015667367281757796], [3.68, 0.017361155048245654], [3.69, 0.03411225490953861], [3.7, 0.018942090663668934], [3.7, 0.0602434528803947], [3.71, 0.017930757632318592], [3.75, 0.6918752165559486], [4.24, 0.018284236349252143], [4.25, 0.018884716207575914], [4.25, 0.022277488821357477], [4.26, 0.03225522604899937], [4.27, 0.017454217995231152], [4.28, 0.020171554727313756], [4.29, 0.016716839082819], [4.96, 0.11079766056435125], [4.97, 0.1339564329818638], [5.09, 0.1094874492334856], [5.1, 0.0921979792618389], [6.89, 0.16789551822428628], [6.91, 0.17320955074072691], [7.33, 0.027705849928507484], [7.34, 0.05772066450947271], [7.35, 0.03204174137648399], [7.41, 0.16838759156517227], [7.42, 0.15320015932776515], [7.57, 0.029340422742667856], [7.59, 0.049489546835000654], [7.6, 0.031202863339524215], [7.66, 0.06121045849732658], [7.67, 0.043285691101733186], [7.69, 0.06228571958981484], [7.7, 0.05206206018136077]]","[169.77, 166.74, 159.65, 145.56, 135.44, 131.69, 131.38, 128.08, 127.97, 127.44, 125.25, 113.91, 70.81, 56.87, 55.53, 53.69, 47.22, 45.61, 20.7]","[[1.81, 20.75], [2.12, 45.54], [2.27, 56.79], [2.51, 56.79], [3.69, 47.12], [3.75, 55.56], [4.27, 47.3], [4.96, 70.86], [5.1, 53.63], [6.9, 113.93], [7.34, 128.17], [7.42, 131.51], [7.58, 131.86], [7.67, 125.36], [7.69, 135.55]]","[[1.8, 1.81], [2.11, 2.12], [2.27, 2.53], [2.28, 4.28], [2.3, 2.33], [2.49, 3.7], [2.52, 2.28], [2.53, 2.53], [3.68, 2.53], [3.69, 4.27], [3.69, 3.7], [3.71, 2.29], [3.75, 3.77], [4.26, 4.27], [4.26, 3.7], [4.28, 2.53], [4.28, 2.29], [4.97, 5.1], [4.98, 4.97], [5.01, 5.02], [5.09, 5.11], [5.1, 4.97], [6.9, 7.43], [6.91, 6.91], [7.32, 7.61], [7.34, 7.35], [7.35, 7.6], [7.4, 7.43], [7.42, 6.91], [7.59, 7.6], [7.6, 7.35], [7.68, 7.69], [7.7, 7.35], [7.71, 7.71]]"
O=C(c1ccccc1N)N(CC)CCNCC,AZ10201976_aug_st,"[[0.94, 0.4470839790904233], [0.95, 1.0], [0.96, 0.4566163817644705], [2.47, 0.10174722164789086], [2.48, 0.3315810080106382], [2.49, 0.3674605230774699], [2.5, 0.9592954529545723], [3.24, 0.04546451547452945], [3.25, 0.09179762164286687], [3.27, 0.08811349825827755], [3.28, 0.042637130843216284], [6.53, 0.25141104133323366], [6.55, 0.26747682693284497], [7.51, 0.23679496379710474], [7.53, 0.23784239793342382]]","[166.99, 151.95, 129.04, 121.59, 113.15, 51.94, 47.13, 37.43, 12.02]","[[0.95, 12.23], [2.47, 47.19], [2.49, 51.88], [3.24, 37.42], [6.53, 113.2], [7.51, 129.02]]","[[0.94, 0.95], [0.95, 2.48], [2.47, 0.95], [2.5, 2.51], [2.5, 3.26], [3.24, 3.26], [3.25, 2.5], [6.53, 7.52], [6.54, 6.53], [7.5, 7.52], [7.51, 6.53], [7.52, 7.52]]"
Cc1cc(cc(C)c1Cl)Nc1ccnc(SCC(=O)O)n1,AZ10218817_aug_st,"[[2.06, 1.0], [2.26, 0.902555448095443], [3.81, 0.11273432008081273], [6.17, 0.004316099329672853], [7.09, 0.07009340889270232], [7.1, 0.13393228430488222], [7.11, 0.11162722956255197]]","[170.39, 162.62, 158.3, 138.16, 136.03, 132.72, 128.33, 126.27, 124.37, 99.14, 33.26, 20.58, 14.45]","[[2.07, 14.43], [2.27, 20.58], [3.81, 33.24], [7.09, 128.35], [7.11, 124.48], [7.11, 98.99], [7.11, 126.41]]","[[2.05, 2.06], [2.27, 2.28], [3.82, 3.83], [6.19, 6.19], [7.11, 7.11]]"
Oc1ccc(cc1)c1c(O)cc2OCCC(=O)c2c1O,AZ10282497_aug_st,"[[2.67, 0.0928498843676661], [2.67, 0.0891061811929504], [2.7, 0.09772486785826849], [2.7, 0.10455072088625314], [3.24, 0.0963624013152878], [3.26, 0.08700946696289255], [3.26, 0.093229243497581], [3.29, 0.08911070988178485], [5.42, 0.07671232867015675], [5.43, 0.08084113974885172], [5.45, 0.07375626308198456], [5.45, 0.07943109732623688], [5.89, 1.0], [6.79, 0.31524334148268035], [6.81, 0.3181547769050277], [7.31, 0.2874679246850237], [7.33, 0.2652970097238784]]","[196.85, 167.11, 163.96, 163.4, 158.19, 129.33, 128.81, 115.64, 102.23, 96.27, 95.44, 78.9, 42.43]","[[2.69, 43.08], [3.25, 42.55], [5.43, 78.95], [5.88, 95.47], [5.88, 96.35], [6.79, 115.69], [7.31, 128.87]]","[[2.66, 3.26], [2.69, 2.69], [3.24, 5.44], [3.25, 3.26], [3.26, 2.69], [5.43, 3.26], [5.44, 5.44], [5.88, 5.89], [6.78, 6.8], [6.79, 7.32], [7.31, 6.8], [7.32, 7.32]]"
Cc1cc2c(CC(CN3CCOCC3)C(CC)C2=O)[NH]1,AZ10421813_aug_st,"[[0.96, 0.25649089390023183], [0.98, 0.5576434684801088], [0.99, 0.2563341807325053], [1.78, 0.008467545075619101], [1.79, 0.01951568729762866], [1.79, 0.013651918946838508], [1.8, 0.02442855548779983], [1.8, 0.011458952210963547], [1.81, 0.021593923776456903], [1.81, 0.02324099174325247], [1.82, 0.021662812004410156], [1.82, 0.012684213868083643], [1.83, 0.01156013543793882], [1.84, 0.010170873208733697], [2.03, 1.0], [2.15, 0.033242623082306084], [2.15, 0.014385584522622145], [2.16, 0.011954968249799315], [2.17, 0.015395703198565067], [2.17, 0.00952061368776202], [2.18, 0.02762149565710537], [2.43, 0.0036540299729237074], [2.44, 0.0004442546130261635], [2.46, 0.0014412650630518972], [2.47, 0.0625805943095742], [2.48, 0.19575640873005418], [2.49, 0.18792831583123634], [2.51, 0.0008396604959088159], [2.51, 0.0013940012670985821], [2.51, 0.03704566462466818], [2.52, 0.0010139525199182543], [2.52, 0.0007025682853130682], [2.53, 0.004883672262065962], [2.53, 0.0014033953929940936], [2.54, 0.06890144679387128], [2.55, 0.034642761109560244], [2.55, 0.00857621532919801], [2.56, 0.005099707031280564], [2.56, 0.004208539640872024], [2.56, 0.005952833432565022], [2.58, 0.0032010018456081076], [2.59, 0.00023441593168423752], [2.61, 0.0009296804557530435], [2.61, 0.0006578838130661187], [2.61, 0.0003975295563882357], [2.62, 0.0003588627980234343], [2.62, 0.0006449396096749173], [2.65, 0.00796980217588404], [2.65, 0.0071177328433849555], [2.66, 0.0039812832288404305], [2.67, 0.026499170318796613], [2.68, 0.021788024279739162], [2.69, 0.059848818558564894], [2.69, 0.014197401987446838], [2.7, 0.0800957987168693], [2.71, 0.03868516178680234], [2.72, 0.012881147356589467], [2.73, 0.024837573196048072], [2.74, 0.009040764551835261], [3.64, 0.13235770362161728]]","[194.05, 141.8, 123.79, 119.17, 116.9, 65.56, 57.94, 53.18, 43.04, 27.75, 21.06, 17.64, 15.79, 9.96]","[[0.97, 16.18], [1.81, 28.14], [2.03, 10.21], [2.16, 27.96], [2.48, 17.94], [2.55, 58.38], [2.55, 43.43], [2.62, 53.63], [2.7, 21.46], [3.63, 65.94]]","[[0.97, 0.98], [0.99, 2.5], [1.8, 2.17], [1.82, 2.7], [1.82, 1.83], [2.04, 2.04], [2.16, 1.81], [2.18, 2.72], [2.18, 2.17], [2.47, 2.5], [2.49, 0.98], [2.51, 2.5], [2.69, 2.7], [2.71, 2.17], [2.71, 1.81], [3.63, 3.64]]"
O=C(O)C(C)c1ccccc1C1NC(=O)c2ccccc21,AZ10522930_aug_st,"[[1.37, 0.915766668902919], [1.38, 0.8479600957516596], [3.67, 0.039390434274856556], [3.68, 0.15191981263218216], [3.69, 0.14732535441454542], [3.71, 0.03881095489635136], [5.0, 1.0], [7.34, 0.5134000234947893], [7.36, 0.5328313943444877], [7.52, 0.07606770278748727], [7.54, 0.1787124663464762], [7.55, 0.10493209358732765], [7.65, 0.06325072627895173], [7.66, 0.4590769068686185], [7.67, 0.1927592155787121], [7.68, 0.05001543139245423], [7.77, 0.28173740237700834], [7.78, 0.25551838172101593], [7.84, 0.5967102388266523], [7.85, 0.5300721450502441]]","[175.47, 166.65, 141.08, 138.2, 137.11, 132.48, 132.29, 128.26, 128.01, 123.4, 123.28, 119.55, 50.52, 44.2, 18.54]","[[1.39, 18.82], [3.69, 44.66], [5.0, 50.82], [7.33, 165.27], [7.35, 128.52], [7.54, 128.7], [7.66, 123.95], [7.67, 132.74], [7.78, 123.78], [7.85, 120.08]]","[[1.38, 3.7], [1.39, 1.39], [3.68, 3.7], [3.69, 1.39], [4.99, 5.0], [7.35, 7.85], [7.36, 7.36], [7.53, 7.77], [7.54, 7.55], [7.66, 7.68], [7.76, 7.79], [7.78, 7.55], [7.84, 7.36], [7.85, 7.85]]"
CCCOc1ccc2c(CCCC2NCCC)c1,AZ10525406_aug_st,"[[0.79, 0.4586266886220153], [0.81, 1.0], [0.82, 0.49724410181797396], [1.32, 0.03027176636439844], [1.33, 0.12896130401827313], [1.34, 0.22007835112613172], [1.36, 0.21839734672343025], [1.37, 0.12356359214399663], [1.38, 0.027832186162430182], [1.39, 0.01340815607656264], [1.4, 0.015006743612847161], [1.41, 0.03921755356804655], [1.42, 0.04083826719334801], [1.43, 0.03981395573591686], [1.44, 0.03939384952970813], [1.45, 0.014587159956332295], [1.46, 0.015183894885567355], [1.83, 0.016020403546152143], [1.84, 0.025218345185159193], [1.85, 0.01430740382297821], [1.86, 0.023222519176687023], [1.87, 0.01726502612853667], [2.36, 0.2340251305126158], [2.37, 0.09365459682861535], [2.39, 0.20964788070772852], [2.53, 0.024187786168637367], [2.54, 0.18579048739718762], [2.55, 0.03331471096220247], [2.56, 0.051445616634470274], [2.57, 0.09064969783449225], [2.59, 0.021055089548506926], [2.6, 0.01810133301613162], [2.61, 0.04515000814857618], [2.62, 0.052531679221073574], [2.64, 0.026760314945049116], [2.64, 0.014267705281216505], [2.65, 0.02694901228842462], [2.66, 0.034930252443978974], [2.69, 0.015913778397539043], [2.69, 0.02037751685287591], [2.76, 0.015540315267008567], [2.77, 0.015077138163175598], [2.78, 0.02657489237546735], [2.78, 0.026325170002199763], [2.8, 0.010540052788967238], [2.8, 0.01085731128137135], [6.44, 0.15948878149259965], [6.45, 0.09164736879829564], [6.46, 0.08930497390709197], [6.79, 0.1354826602413358], [6.81, 0.12784678520053125]]","[155.21, 137.62, 129.56, 126.86, 115.66, 113.48, 56.69, 52.3, 32.18, 28.79, 26.06, 21.94, 12.17]","[[0.8, 12.14], [1.35, 21.98], [1.42, 26.2], [1.83, 26.2], [2.37, 52.22], [2.54, 32.01], [2.57, 28.67], [2.6, 32.18], [2.66, 28.84], [2.77, 56.79], [6.43, 115.69], [6.45, 113.58], [6.79, 129.75]]","[[0.8, 1.36], [0.81, 0.82], [1.34, 2.39], [1.34, 1.36], [1.34, 0.81], [1.43, 2.8], [1.43, 1.86], [1.44, 1.43], [1.44, 2.58], [1.83, 2.78], [1.83, 1.86], [1.85, 2.59], [1.85, 1.43], [2.36, 1.36], [2.38, 2.39], [2.53, 2.56], [2.55, 2.67], [2.56, 2.78], [2.58, 1.43], [2.58, 2.58], [2.58, 1.86], [2.61, 2.78], [2.61, 2.62], [2.66, 1.86], [2.66, 1.43], [2.66, 2.67], [2.69, 2.56], [2.76, 1.43], [2.78, 2.78], [2.78, 1.86], [2.8, 2.54], [6.43, 6.44], [6.46, 6.8], [6.48, 6.47], [6.79, 6.82], [6.8, 6.47]]"
Clc1cccc(c1)Cn1cnc2c(CN3CCCC3)cccc21,AZ10557846_aug_st,"[[1.57, 0.012014411606120755], [1.57, 0.011594734676030116], [1.58, 0.2220419308567239], [1.58, 0.13962048327985194], [1.59, 0.5282309960735582], [1.6, 0.12519484681093807], [1.6, 0.23129543071247494], [1.61, 0.01277859572397381], [1.61, 0.01630044199003051], [2.43, 0.11239453047764857], [2.43, 0.1274552562291219], [2.43, 0.013882334794213552], [2.44, 0.46873318577405826], [2.44, 0.16501327423925172], [2.45, 0.08368965299507855], [2.45, 0.14017948015259807], [2.45, 0.13354569806359687], [2.46, 0.014668078675080494], [3.84, 1.0], [5.54, 0.7904635625040333], [7.15, 0.016390258830541814], [7.15, 0.040335439627669285], [7.16, 0.2130551010445754], [7.16, 0.17254814300813923], [7.16, 0.16021461808002166], [7.16, 0.35790404035527384], [7.17, 0.4443497359756396], [7.18, 0.4935695400398516], [7.34, 0.6062284636661869], [7.35, 0.564585644155444], [7.36, 0.026828290196434512], [7.36, 0.08636877097038004], [7.36, 0.0702276416520893], [7.37, 0.015083297609533197], [7.37, 0.13331282845929388], [7.37, 0.08131523081335446], [7.58, 0.009062189691782071], [7.59, 0.16108987070725833], [7.59, 0.02089453906388321], [7.6, 0.08384470494269648], [7.6, 0.09629772223985698], [7.6, 0.07686202589555953], [7.6, 0.10618720509797312], [7.61, 0.021817335095667693], [7.61, 0.15130212012787758]]","[152.75, 142.3, 136.74, 135.84, 132.4, 129.17, 128.94, 122.87, 122.14, 119.44, 110.83, 53.95, 52.4, 46.56, 23.58]","[[1.58, 23.57], [2.44, 53.98], [3.85, 52.4], [5.54, 46.6], [7.16, 122.9], [7.18, 129.23], [7.35, 129.05], [7.37, 110.94], [7.6, 119.56], [7.61, 122.19]]","[[1.59, 2.5], [1.59, 1.66], [2.44, 2.5], [2.44, 1.66], [3.85, 3.91], [5.53, 5.6], [7.16, 7.23], [7.16, 7.65], [7.18, 7.4], [7.34, 7.24], [7.35, 7.41], [7.59, 7.66], [7.6, 7.23]]"
COc1c(ccc(NCC)c1Br)C(=O)NCCNCC,AZ10626718_aug_st,"[[0.97, 0.48173321350851966], [0.98, 1.0], [0.99, 0.4864358078211433], [2.51, 0.3550261918800739], [3.29, 0.06157426403168947], [3.3, 0.13162920685342658], [3.31, 0.14885642676556854], [3.32, 0.05829185810290802], [3.83, 0.9635686049072684], [6.5, 0.3255272970546666], [7.88, 0.36951747764666815]]","[163.21, 157.99, 149.59, 134.85, 111.03, 98.32, 97.55, 55.79, 51.23, 46.31, 37.06, 12.0]","[[0.95, 46.25], [0.97, 12.67], [0.98, 46.25], [2.48, 46.77], [2.49, 51.7], [2.51, -5.09], [3.28, 51.7], [3.29, 37.46], [3.82, 56.27], [6.49, 98.11], [7.87, 135.38]]","[[0.97, 2.5], [0.98, 0.98], [2.5, 0.98], [2.5, 2.5], [2.52, 3.3], [3.3, 3.3], [3.3, 2.51], [3.83, 3.83], [6.5, 6.49], [7.88, 7.88]]"
COC(C1CCC(CC)N1C)(c1ccccc1)c1ccccc1Cl,AZ10642506_aug_st,"[[1.26, 0.017071739423086957], [1.28, 0.01797848155278594], [1.28, 0.04121518782353759], [1.29, 0.009827937361479624], [1.29, 0.04915462583227351], [1.3, 0.020759162101733702], [1.3, 0.038252132129880635], [1.31, 0.010083819967120529], [1.31, 0.040643162899125354], [1.32, 0.022504029364800785], [1.35, 0.017270307968138776], [1.36, 0.0373952859523354], [1.37, 0.019599183890690746], [1.37, 0.01643864715979458], [1.38, 0.039256081691933446], [1.38, 0.01656236576278964], [1.39, 0.01919783647591773], [1.39, 0.019930464292537534], [1.39, 0.03939015951152747], [1.4, 0.041358677910012055], [1.4, 0.018988435866493018], [1.41, 0.019350946189501127], [1.55, 0.02585069556416546], [1.55, 0.03606466846427259], [1.56, 0.05981747343352379], [1.56, 0.04460821934849639], [1.57, 0.10971019826858275], [1.57, 0.05897414221626416], [1.58, 0.06511263944045019], [1.58, 0.024184310584009033], [1.59, 0.02013003918193419], [1.59, 0.05328280418101153], [1.6, 0.018529163685278488], [1.76, 0.02216733170012526], [1.79, 0.05008620911980651], [1.8, 0.04663450478609598], [1.8, 0.018420008355343506], [1.82, 0.016470344436341395], [1.87, 0.017708244075425834], [1.88, 0.03627352429238673], [1.88, 0.020740278970075077], [1.89, 0.03316862680328635], [1.89, 0.03749118629887164], [1.9, 0.034632446239538095], [1.91, 0.036384320159483834], [1.91, 0.03262911922003655], [1.92, 0.018211550404620254], [1.92, 0.016638936409655032], [2.04, 0.039361487617868327], [2.06, 0.11267722604587195], [2.07, 0.11637572849761771], [2.09, 0.03565352251942179], [2.14, 0.01096993623998486], [2.15, 0.014428880905388429], [2.16, 0.045169341201403174], [2.16, 0.032154178627447925], [2.17, 0.049753919567395], [2.88, 0.03992424821751204], [2.89, 0.026799463584132207], [2.89, 0.04160568667196997], [2.9, 0.06577303034960567], [2.91, 0.057105314291480046], [2.92, 0.03609960989416842], [3.13, 0.030106307226639602], [3.14, 0.055803545251964924], [3.14, 0.028865078434216183], [3.14, 0.0316513047129145], [3.15, 0.052915988488484646], [3.15, 0.026036478971230057], [3.16, 0.05155548529278453], [3.17, 0.04931142849116884], [3.18, 0.049949702027924904], [3.19, 0.027438675149265193], [3.19, 0.049247940216664975], [3.19, 0.047952329471550675], [3.2, 0.04438528161559442], [3.2, 0.053291713281246], [3.21, 0.02713587812988126], [7.17, 0.024866306169278346], [7.18, 0.053316806199093875], [7.18, 0.04847533567746447], [7.19, 0.08229805947682031], [7.19, 0.08113727275341195], [7.2, 0.044827232570657925], [7.2, 0.07570069922376202], [7.26, 0.05137485740496436], [7.27, 0.027025692973406547], [7.28, 0.35511507487967003], [7.28, 0.3188453538757739], [7.29, 1.0], [7.31, 0.03914252108171147], [7.31, 0.7898598980237026], [7.31, 0.7098419257999564], [7.33, 0.04901339871072501]]","[146.54, 146.28, 131.77, 128.58, 128.53, 128.36, 127.34, 126.51, 79.98, 63.91, 60.28, 56.75, 40.33, 33.85, 30.72, 25.18, 21.81]","[[1.3, 30.6], [1.37, 33.94], [1.56, 21.81], [1.77, 25.15], [1.79, 30.77], [1.89, 33.94], [2.07, 56.79], [2.17, 64.0], [2.19, 40.27], [2.9, 56.79], [3.19, 60.31], [7.19, 127.47], [7.2, 128.52], [7.29, 126.59], [7.3, 128.7], [7.32, 128.52]]","[[1.26, 1.79], [1.28, 2.18], [1.28, 1.57], [1.3, 1.31], [1.39, 3.16], [1.39, 1.9], [1.39, 1.4], [1.56, 2.9], [1.56, 2.08], [1.56, 1.31], [1.58, 1.78], [1.58, 1.57], [1.66, 1.67], [1.78, 1.78], [1.78, 1.29], [1.8, 2.18], [1.87, 3.12], [1.89, 1.79], [1.89, 1.39], [1.94, 1.92], [2.06, 2.9], [2.06, 1.57], [2.08, 2.08], [2.14, 1.79], [2.17, 1.39], [2.19, 2.2], [2.89, 1.57], [2.91, 2.9], [2.91, 2.08], [3.16, 3.16], [3.17, 1.9], [3.17, 1.39], [3.19, 3.22], [7.18, 7.3], [7.19, 7.21], [7.3, 7.32], [7.31, 7.19]]"
CCCc1ccc(cc1)OCC1N=CCN1,AZ10720790_aug_st,"[[0.6, 0.08485229658147296], [0.61, 0.23255577127400645], [0.61, 0.254508710536843], [0.62, 0.21813936733521014], [0.62, 0.2659598561301561], [0.63, 0.09888878911089866], [0.87, 0.10131204986989445], [0.88, 0.23671012833158125], [0.88, 0.25580442499875594], [0.89, 0.24336526037041342], [0.89, 0.10447751461935156], [0.89, 0.10700583497267349], [0.9, 0.25104651852370385], [0.91, 0.09292326652486331], [2.21, 0.029554449613863266], [2.22, 0.06117747736682266], [2.22, 0.05889977358781362], [2.23, 0.11742977175427566], [2.23, 0.02722080182768985], [2.24, 0.05836563320757282], [2.24, 0.02792472870926211], [2.25, 0.056292077773913825], [2.26, 0.026604849361679228], [3.47, 1.0], [4.62, 0.6722932525727404], [6.79, 0.12059709765175017], [6.81, 0.15988471148407482], [6.85, 0.09417541913312605], [6.86, 0.16521912287719462], [6.87, 0.06723949165182336], [6.93, 0.14476040437780882], [6.95, 0.17786861132325718], [7.07, 0.10672755381075098], [7.08, 0.12897284784906957], [7.09, 0.08229039654619162]]","[156.61, 131.8, 126.2, 124.21, 121.19, 111.8, 64.52, 49.31, 9.02, 8.31]","[[0.62, 9.33], [0.9, 8.62], [2.25, 9.33], [3.48, 49.59], [4.5, 68.05], [4.63, 64.88], [6.81, 124.65], [6.87, 121.67], [6.95, 112.17], [7.09, 126.76]]","[[0.61, 2.25], [0.61, 0.89], [0.61, 0.62], [0.89, 2.25], [0.9, 0.64], [0.91, 0.9], [2.24, 2.25], [2.24, 0.9], [2.24, 0.62], [3.47, 4.64], [3.47, 3.48], [4.62, 4.63], [4.62, 3.47], [6.81, 6.8], [6.85, 6.88], [6.85, 7.08], [6.94, 6.96], [6.94, 7.08], [6.94, 6.83], [7.08, 7.1], [7.08, 6.93]]"
COC(OC1CC2CCC(C1)N2)C1=CCc2cccnc21,AZ10828756_aug_st,"[[1.69, 0.14707090105873633], [1.72, 0.16369172251395295], [1.97, 0.5561739972847056], [2.07, 0.05207911170807532], [2.08, 0.05816162329165469], [2.08, 0.059575158158460664], [2.09, 0.04822585412305619], [2.1, 0.06394182540596693], [2.11, 0.04596273351263787], [2.15, 1.0], [3.02, 0.08303435928245552], [3.03, 0.1047456940037154], [3.03, 0.07894111433748456], [3.04, 0.06306411985743608], [5.05, 0.05270833761469359], [5.06, 0.11664146588926123], [5.07, 0.05304779856961889], [7.16, 0.03280908323371719], [7.17, 0.1069767569295051], [7.19, 0.16304094243424672], [7.2, 0.09681011181317714], [7.21, 0.045811580609473386], [7.49, 0.1326462954709206], [7.5, 0.11677154525359616], [7.96, 0.41252904677058577], [8.03, 0.0949308138971359], [8.04, 0.11234468181993236]]","[164.03, 136.61, 132.21, 125.89, 122.63, 121.45, 120.34, 112.61, 107.24, 66.21, 59.29, 40.05, 36.26, 25.83]","[[1.69, 36.58], [1.72, 36.4], [1.97, 26.03], [2.08, 36.58], [2.1, 36.4], [2.15, 40.27], [2.16, -4.56], [3.02, 59.61], [3.04, -6.32], [5.05, 66.46], [7.18, 121.84], [7.19, 122.9], [7.49, 112.88], [7.96, 132.57], [8.03, 120.61]]","[[1.69, 1.72], [1.71, 5.06], [1.71, 3.05], [1.72, 2.09], [1.97, 3.05], [1.97, 1.98], [2.08, 5.06], [2.08, 3.05], [2.08, 1.72], [2.11, 2.09], [2.16, 2.17], [2.27, 2.28], [3.04, 3.05], [3.04, 2.0], [3.04, 1.72], [5.06, 2.09], [5.06, 5.06], [5.06, 1.72], [7.18, 8.04], [7.19, 7.51], [7.19, 7.19], [7.5, 7.21], [7.51, 7.51], [7.96, 7.97], [8.03, 7.19], [8.04, 8.04]]"
CC(C)OC(CN)COc1cc(CCOCC2CC2)ccc1,AZ10854205_aug_st,"[[0.12, 0.07847020351273709], [0.13, 0.27633974698118613], [0.13, 0.23079803248591446], [0.13, 0.2910462074679239], [0.14, 0.09146988134446311], [0.14, 0.25246433350297026], [0.42, 0.23281947045689877], [0.42, 0.08516958074689687], [0.43, 0.10431053487836105], [0.43, 0.1103518217064696], [0.43, 0.2623847948444534], [0.44, 0.24036333073733543], [0.44, 0.26666680919232894], [0.45, 0.080255197163888], [0.96, 0.9475535805143975], [0.97, 1.0], [0.97, 0.9663391216574364], [0.98, 0.8716274465264939], [2.52, 0.07848019019369709], [2.53, 0.07995131650807395], [2.54, 0.1466591790119898], [2.54, 0.10932248091334952], [2.55, 0.1000227870590632], [2.65, 0.13284939844957566], [2.65, 0.12399222392529335], [2.67, 0.0800366652887834], [2.67, 0.09446315965899982], [2.67, 0.06848760902833644], [2.68, 0.11135702940890928], [2.69, 0.1594493735549884], [2.7, 0.1059033597416937], [2.71, 0.19454292913931548], [2.72, 0.4387015789138066], [2.73, 0.20289664021123371], [3.21, 0.6542097199537585], [3.22, 0.6330559203063238], [3.51, 0.2675654533662466], [3.52, 0.5673409424384238], [3.54, 0.2549542886670489], [3.81, 0.039851230675158486], [3.82, 0.27091329762576855], [3.83, 0.27328451604076365], [3.84, 0.08693836104170503], [3.88, 0.06415273279913995], [3.9, 0.13450541146838269], [3.9, 0.17730111902406667], [3.92, 0.027438005942084606], [6.82, 0.43039600029775454], [6.84, 0.4745959972730182], [7.11, 0.4359765966627995], [7.13, 0.3868686708986267]]","[157.1, 130.91, 129.73, 114.27, 74.32, 70.95, 70.8, 68.4, 50.07, 48.23, 34.78, 22.94, 22.92, 10.53, 2.85]","[[0.09, 3.7], [0.44, 3.17], [0.95, 10.91], [0.97, 23.39], [2.54, 50.46], [2.65, 50.64], [2.68, 48.71], [2.71, 35.17], [3.22, 74.9], [3.53, 71.39], [3.82, 71.21], [3.82, 68.92], [3.9, 71.21], [6.83, 114.81], [7.12, 130.28]]","[[0.12, 0.83], [0.12, 0.29], [0.12, -0.0], [0.42, 0.31], [0.42, 0.01], [0.43, 0.83], [0.45, 0.01], [0.95, 0.01], [0.95, 3.08], [0.95, 0.32], [0.97, 2.56], [0.97, 0.84], [2.53, 2.53], [2.55, 3.69], [2.55, 2.41], [2.64, 3.69], [2.64, 2.53], [2.66, 2.41], [2.67, 2.55], [2.69, 0.84], [2.7, 3.39], [2.72, 2.59], [2.73, 3.39], [3.2, 3.08], [3.2, 0.83], [3.52, 3.39], [3.53, 2.59], [3.81, 3.8], [3.81, 3.69], [3.81, 2.53], [3.81, 2.41], [3.89, 3.77], [3.89, 3.66], [6.82, 6.71], [6.83, 6.99], [7.12, 6.69], [7.13, 6.99]]"
Oc1ccc(cc1NC=O)C(CNC(C)Cc1ccccc1O)OC,AZ10930573_aug_st,"[[0.89, 0.9876182614423994], [0.9, 1.0], [2.37, 0.14427002486715315], [2.39, 0.15579528559810102], [2.4, 0.1708302221704484], [2.41, 0.17553032370666613], [2.61, 0.1083408100647076], [2.62, 0.13311949745069598], [2.62, 0.1242727786074369], [2.63, 0.3195952100209598], [2.64, 0.18825157437683093], [2.65, 0.11451651448097562], [2.65, 0.13752658025509867], [2.66, 0.1785693789591997], [2.67, 0.2039009558651498], [2.68, 0.09194349956054888], [2.69, 0.10829168415112313], [2.78, 0.012981285730661606], [2.78, 0.009326953477415011], [2.79, 0.06781910159535606], [2.79, 0.013312701741316428], [2.8, 0.13624040664403791], [2.81, 0.1110637224903133], [2.82, 0.06295298958097571], [2.84, 0.012518342318263527], [4.46, 0.12678821123590367], [4.47, 0.14494161557928495], [4.48, 0.15041371799586822], [4.48, 0.14492468358833235], [6.77, 0.7375357805723731], [6.78, 0.7770617349131526], [6.78, 0.6304547667326958], [6.8, 0.5547582512415998], [6.84, 0.24045134301388946], [6.85, 0.25301183858937665], [6.86, 0.16709165610816695], [6.86, 0.1669814343885648], [7.01, 0.6677527489470501], [7.02, 0.5805804699624889], [7.99, 0.41923688637258566], [8.25, 0.9977503818625085]]","[160.53, 157.86, 146.23, 134.84, 131.26, 130.52, 125.87, 122.27, 118.97, 114.96, 113.93, 71.35, 55.27, 54.48, 54.3, 41.55, 19.31]","[[0.89, 19.35], [2.39, 41.67], [2.64, 54.51], [2.64, 41.67], [2.8, 54.33], [3.69, 55.39], [4.47, 71.39], [6.57, 113.05], [6.78, 114.11], [6.79, 115.16], [6.85, 122.37], [6.87, 166.14], [7.01, 130.81], [7.99, 119.2], [8.23, 160.69]]","[[0.89, 2.81], [0.89, 0.9], [2.39, 2.83], [2.39, 2.64], [2.41, 2.4], [2.64, 2.64], [2.64, 2.4], [2.66, 4.49], [2.8, 2.81], [2.82, 2.4], [2.82, 0.9], [4.47, 2.69], [4.47, 4.49], [6.77, 6.79], [6.78, 7.02], [6.84, 8.01], [6.86, 6.86], [6.92, 6.91], [7.01, 6.79], [7.02, 7.02], [7.99, 6.86], [7.99, 7.99], [8.25, 8.26]]"
O=C(O)CCC(/C)=C\Cc1ccc2c(c1OC)C(=O)OC2OC,AZ11034953_aug_st,"[[1.7, 0.38730042036491835], [1.71, 0.3016533545242397], [2.05, 0.7547299267164371], [2.12, 0.05538188252889773], [2.13, 0.08111511645959091], [2.13, 0.05381244999688348], [2.14, 0.08139361074615112], [2.22, 0.13777201672613731], [2.23, 0.16584085004893737], [2.23, 0.04856711398886492], [2.23, 0.018565184190951375], [2.24, 0.04110385258370411], [2.24, 0.05652724905506772], [3.26, 0.1358859146351189], [3.27, 0.13485163386688645], [3.66, 1.0], [5.08, 0.026584228390161575], [5.1, 0.03293243143459199], [5.1, 0.036456177103752346], [5.11, 0.030585734868781207], [5.2, 0.37358956014097644]]","[174.81, 170.78, 163.07, 153.12, 146.23, 134.18, 123.02, 122.87, 116.58, 107.35, 69.11, 61.1, 34.58, 32.99, 22.83, 16.39, 11.44]","[[1.71, 16.36], [1.77, 22.69], [2.05, 11.44], [2.13, 34.47], [2.23, 33.06], [3.27, 22.86], [3.67, 61.01], [5.1, 123.07], [5.21, 69.1]]","[[1.7, 1.59], [2.05, 1.93], [2.12, 2.12], [2.13, 2.03], [2.24, 2.0], [2.24, 2.11], [2.53, 2.42], [3.25, 3.15], [3.26, 4.98], [3.66, 3.54], [5.09, 3.15], [5.1, 4.98], [5.2, 5.09]]"
CCCN(C)C1Cc2cc(ccc2CC1)OC,AZ11132517_aug_st,"[[0.89, 0.21954716427126553], [0.9, 0.4823952064295546], [0.91, 0.24094375143878244], [1.06, 0.4117100113633544], [1.07, 0.42179969074678475], [1.47, 0.014681691108080128], [1.48, 0.06872021985770417], [1.49, 0.1301982921668119], [1.51, 0.12902665353436682], [1.52, 0.06578822253308356], [1.53, 0.013432384492760562], [1.59, 0.010262883548017604], [1.6, 0.01197084378418863], [1.61, 0.030250475491133043], [1.62, 0.03158592947381389], [1.63, 0.03621254301497226], [1.64, 0.033445318703913124], [1.65, 0.015353119206285229], [1.66, 0.014205907373914004], [1.79, 0.005798056248606833], [1.8, 0.013335006060247203], [1.8, 0.02109056912894927], [1.81, 0.013488172769832767], [1.81, 0.021335869518347116], [1.82, 0.010509485293129313], [1.82, 0.015071362072267875], [1.83, 0.004455522594878945], [1.83, 0.01744518597975783], [2.07, -0.00031229597960596886], [2.42, 0.020999676606158965], [2.44, 0.02052675275048775], [2.44, 0.0238642586224014], [2.45, 0.04620260085242361], [2.46, 0.02576070987436807], [2.47, 0.026798418583738905], [2.48, 0.02308639395671737], [2.61, 0.00444372504851577], [2.62, 0.02805780272752558], [2.62, 0.027538763437123977], [2.63, 0.05465911415126521], [2.64, 0.031360354736341425], [2.64, 0.042800041612392814], [2.65, 0.0057782673967566025], [2.65, 0.025344466236146158], [2.74, 0.026935706072803624], [2.75, 0.03254389060378759], [2.75, 0.031805220488589955], [2.76, 0.027542093168122134], [2.77, 0.0239885439872806], [2.78, 0.02663166129533325], [2.78, 0.027693972778251613], [2.79, 0.02058952959326238], [2.9, 0.019618031993205554], [2.9, 0.01630115608323225], [2.91, 0.020765206344312573], [2.91, 0.01667731950961573], [2.92, 0.01579663461728734], [2.92, 0.017797793908943454], [2.93, 0.01938613781321973], [2.93, 0.019617487084721594], [3.01, 0.009376009586587578], [3.03, 0.027071088205499187], [3.03, 0.03647639902586675], [3.04, 0.02889097138890612], [3.05, 0.03306061913830655], [3.06, 0.0071085575896838475], [3.74, 1.0], [6.72, 0.30574397814568144], [6.73, 0.3251682362641952], [7.08, 0.07538897108390298], [7.09, 0.13175300151047598], [7.1, 0.06369194406564718]]","[157.08, 143.03, 126.81, 123.77, 121.73, 107.7, 56.35, 55.57, 48.44, 35.66, 22.91, 22.54, 22.45, 17.35, 12.18]","[[0.89, 12.32], [1.05, 17.24], [1.5, 22.51], [1.62, 22.51], [1.79, 22.51], [2.44, 22.86], [2.62, 48.53], [2.74, 22.86], [2.77, 22.86], [2.92, 56.44], [3.02, 35.7], [3.73, 55.56], [6.71, 107.78], [6.71, 121.84], [7.07, 126.94]]","[[0.89, 1.5], [0.9, 0.9], [1.06, 1.06], [1.07, 3.03], [1.5, 2.64], [1.5, 1.5], [1.5, 0.9], [1.61, 1.62], [1.63, 1.81], [1.79, 1.81], [1.81, 2.45], [1.81, 1.64], [2.45, 2.45], [2.47, 2.76], [2.47, 1.62], [2.51, 2.51], [2.62, 1.5], [2.64, 2.64], [2.76, 2.45], [2.76, 1.62], [2.78, 2.76], [2.92, 1.62], [2.94, 2.92], [3.03, 3.03], [3.03, 1.06], [3.73, 3.73], [6.72, 7.08], [6.74, 6.72], [7.09, 7.08], [7.09, 6.72]]"
CC1CN=C(NC1)/C=C/c1ccc(C)s1,AZ11919687_aug_st,"[[1.95, 0.029607433550898867], [1.95, 0.024319251924410586], [1.96, 0.031526694918030666], [1.96, 0.03534122298846216], [1.96, 0.04191488491030097], [1.97, 0.03843521389899391], [1.97, 0.029172645548060153], [1.97, 0.08988833018648555], [1.98, 0.03517811719518947], [1.98, 0.03841118318684537], [1.99, 0.024815553004163743], [2.34, 1.0], [3.2, 0.9462605694955328], [3.36, 0.0827418236351421], [3.37, 0.13914157574309619], [3.38, 0.07964922210862296], [3.48, 0.08304349162998703], [3.49, 0.16278123224619107], [3.5, 0.07685152500120189], [6.54, 0.13686516907284696], [6.57, 0.1436914887159697], [7.02, 0.16706485911844524], [7.03, 0.17965213148380343], [7.66, 0.1066426954055104], [7.66, 0.12405412521385285], [7.68, 0.13869675913712234], [7.69, 0.30250361262965747]]","[158.16, 142.74, 134.52, 133.14, 131.98, 129.53, 112.17, 48.59, 39.93, 38.57, 19.44, 14.31]","[[1.97, 19.51], [2.3, -3.87], [2.32, -3.87], [2.33, 14.24], [3.2, 39.9], [3.36, 38.5], [3.38, 47.99], [3.48, 48.52], [3.75, 71.38], [4.15, 48.17], [5.14, 34.98], [6.57, 112.16], [7.02, 132.03], [7.66, 134.49], [7.68, 129.57]]","[[1.96, 3.5], [1.96, 3.37], [1.97, 3.22], [1.98, 1.98], [2.34, 2.36], [3.2, 1.98], [3.2, 3.2], [3.36, 1.98], [3.37, 3.37], [3.37, 3.5], [3.48, 1.98], [3.49, 3.4], [3.49, 3.5], [6.54, 6.55], [6.54, 7.69], [6.9, 6.91], [6.91, 6.91], [6.91, 7.49], [7.03, 7.03], [7.03, 7.69], [7.46, 7.49], [7.47, 6.91], [7.48, 7.49], [7.69, 7.69], [7.69, 6.58], [7.69, 7.03]]"
CC(C)OC(CN)COc1ccc2ccccc2c1,AZ11942284_aug_st,"[[0.97, 1.0], [0.98, 0.9631503637236136], [0.98, 0.9868766951339958], [0.99, 0.948844512904314], [2.65, 0.11769581642972188], [2.66, 0.12008235775869414], [2.67, 0.16975656408904163], [2.68, 0.1670370973125892], [2.7, 0.0070669472595131875], [2.71, 0.05869016011530164], [2.72, 0.14812040525943346], [2.73, 0.19964361766333077], [2.74, 0.14533276591801408], [2.75, 0.05697744815111263], [2.76, 0.005914399089291714], [2.78, 0.1567986834322959], [2.79, 0.16229019534745748], [2.8, 0.12643143083039435], [2.8, 0.13253391117819532], [4.0, 0.02166480121382428], [4.01, 0.020796280166109626], [4.01, 0.06341817776704987], [4.02, 0.03372486129270061], [4.02, 0.10993971549721042], [4.03, 0.08502906169371037], [4.03, 0.05867140814721447], [4.04, 0.2401035040743597], [4.05, 0.22917766620513033], [4.05, 0.047350900089462626], [4.06, 0.14723754240436462], [4.1, 0.1828862717345539], [4.11, 0.12496452295525819], [4.11, 0.1722988127988952], [4.12, 0.09056086372679852], [6.93, 0.25067007961539434], [6.94, 0.26665267853550906], [7.37, 0.17415019167575868], [7.39, 0.33376714623484227], [7.4, 0.2544226524075098], [7.44, 0.328265676177693], [7.45, 0.20811333765546863], [7.47, 0.07299157018145373], [7.48, 0.16203143315003912], [7.49, 0.3262416748116354], [7.51, 0.08119635940272737], [7.51, 0.16758714624265578], [7.83, 0.19009537837460208], [7.84, 0.18807076517629995], [8.22, 0.15696486337139431], [8.23, 0.14721463135674653]]","[154.39, 134.27, 127.66, 126.72, 126.53, 125.45, 125.25, 121.99, 120.14, 105.42, 71.2, 68.58, 50.13, 48.47, 22.91]","[[0.96, -2.45], [0.98, 23.04], [0.99, -2.28], [2.67, 50.29], [2.73, 48.71], [2.78, 50.46], [4.01, 68.75], [4.1, 71.39], [6.93, 105.67], [7.39, 126.76], [7.44, 120.43], [7.48, 125.71], [7.5, 126.94], [7.83, 127.99], [8.22, 122.19]]","[[0.99, 2.75], [0.99, 1.0], [2.64, 2.69], [2.66, 2.92], [2.66, 2.8], [2.68, 4.03], [2.69, 2.67], [2.74, 2.75], [2.74, 1.0], [2.77, 2.92], [2.77, 2.8], [2.78, 4.03], [2.78, 2.67], [4.02, 2.67], [4.03, 4.05], [4.07, 4.05], [4.1, 4.11], [4.11, 4.05], [4.13, 4.11], [6.92, 6.94], [6.93, 7.4], [7.39, 7.4], [7.4, 6.94], [7.43, 7.46], [7.44, 7.4], [7.49, 7.36], [7.49, 7.85], [7.49, 7.49], [7.49, 8.22], [7.84, 7.51], [7.85, 7.85], [8.22, 7.49], [8.22, 8.24]]"
CN1CCC(c2cc3OCOc3c3C(=O)OCc23)c2cc3OCOc3cc21,AZ12093396_aug_st,"[[2.06, 0.07881835547942524], [2.06, 0.06647951629548404], [2.07, 0.06001713244278381], [2.07, 0.04037149600698936], [2.08, 0.0773097710736804], [2.08, 0.08067239549234774], [2.09, 0.08297125906133716], [2.1, 0.08194355446453966], [2.1, 0.09504016047798078], [2.4, 0.10181636224179973], [2.4, 0.07264252463535674], [2.41, 0.07653186040177434], [2.42, 0.07314764447178052], [2.42, 0.1803054038284683], [2.43, 0.08777008349528098], [2.51, 0.07991008967717791], [2.52, 0.10030814106066493], [2.52, 0.0764977876535293], [2.53, 0.09455761554583135], [2.54, 0.07462953448171077], [2.55, 0.09998452078169408], [2.55, 0.0665243990663639], [2.56, 0.08047413018811786], [2.62, 0.11925699552642398], [2.63, 0.0929319753707485], [2.63, 0.12983358000774767], [2.64, 0.19720678116875293], [2.65, 0.08920346043559617], [2.65, 0.09886675320862238], [2.66, 0.0728413938643382], [4.07, 0.4125635007848191], [4.08, 0.41869051979946936], [5.76, 0.3663558165537734], [5.76, 0.3519691330429895], [5.95, 0.8306714470040888], [5.97, 0.9018043229989429], [6.12, 0.36635207276332654], [6.13, 0.33461914471268184], [6.21, 0.7647861946837347], [6.22, 0.8479027625414928], [6.69, 1.0], [6.7, 0.9338655485529739], [7.13, 0.7789781269234123], [7.14, 0.7756782195967117]]","[166.56, 148.6, 146.15, 145.39, 143.92, 140.32, 130.25, 124.82, 115.42, 113.31, 109.34, 108.19, 107.76, 103.27, 100.76, 84.05, 64.75, 48.78, 44.72, 26.17]","[[2.08, 26.56], [2.42, 49.23], [2.43, 45.19], [2.55, 26.38], [2.64, 49.23], [4.07, 65.23], [5.76, 84.57], [5.96, 101.1], [6.13, 115.86], [6.21, 103.56], [6.69, 108.48], [6.69, 108.48], [7.13, 113.75], [7.14, 165.97]]","[[2.08, 2.54], [2.08, 2.42], [2.09, 2.09], [2.42, 2.08], [2.44, 2.45], [2.53, 2.62], [2.53, 2.09], [2.55, 2.56], [2.61, 2.64], [2.64, 2.42], [3.38, 3.39], [4.08, 5.77], [4.08, 4.09], [5.76, 4.09], [5.76, 5.77], [5.97, 5.97], [6.12, 7.15], [6.12, 6.14], [6.22, 6.24], [6.69, 6.71], [7.12, 7.15], [7.13, 6.13]]"
CC(CNC)/C=C1\Oc2ccccc2Cc2ccccc21,AZ12129293_aug_st,"[[2.01, 1.0], [2.21, 0.0035977017116030634], [2.31, 0.025247002385853753], [5.99, 0.03294415646278499], [6.0, 0.07455666425635488], [6.01, 0.035210994519936166], [6.68, 0.060208375075190605], [6.7, 0.06178653434455129], [6.86, 0.028914913268134147], [6.87, 0.049615494757275315], [6.88, 0.03327937902618198], [7.1, 0.03346076627302895], [7.11, 0.0396872247197048], [7.13, 0.029424225449853784], [7.22, 0.04564863662694334], [7.23, 0.10967030232240171], [7.24, 0.062450459948052664], [7.32, 0.020467848699942948], [7.33, 0.06543637486912526], [7.35, 0.048673958941051435], [7.37, 0.04253707242559389], [7.38, 0.05705373927831336], [7.4, 0.021658495861269948], [7.45, 0.05293108401124098], [7.46, 0.0475043362283276]]","[154.89, 141.2, 138.94, 134.47, 130.94, 130.41, 129.4, 128.97, 128.7, 128.22, 127.96, 127.32, 121.42, 119.1, 69.53, 58.76, 45.11, 27.37]","[[2.02, 45.19], [2.21, 27.43], [2.31, 58.9], [5.07, 69.8], [5.99, 131.16], [6.68, 119.2], [6.87, 121.67], [7.11, 129.58], [7.22, 128.17], [7.24, 130.63], [7.33, 128.35], [7.38, 129.23], [7.45, 128.87]]","[[2.02, 2.03], [2.2, 2.36], [2.21, 6.0], [2.21, 2.22], [2.31, 2.33], [2.32, 2.18], [5.04, 5.19], [5.05, 5.06], [5.15, 5.16], [5.16, 5.03], [5.99, 6.0], [6.0, 2.22], [6.69, 6.69], [6.69, 7.11], [6.87, 6.88], [6.88, 7.11], [7.1, 7.11], [7.11, 6.69], [7.11, 6.88], [7.23, 7.24], [7.23, 7.38], [7.24, 6.75], [7.24, 6.88], [7.33, 7.35], [7.35, 7.43], [7.37, 7.25], [7.38, 7.4], [7.45, 7.35], [7.45, 7.47]]"
Cc1cc(/C=C/C(c2ccccc2)N2CCCC2)ncc1,AZ12227950_aug_st,"[[1.91, 0.01434336889403546], [2.37, 1.0], [2.92, 0.03110225606563105], [3.47, 0.03149397078081518], [3.78, 0.25039626386302816], [3.79, 0.2496250521469973], [6.95, 0.16883939409941204], [6.95, 0.10035655126283308], [6.96, 0.16601603353004601], [6.96, 0.23226839836186375], [6.97, 0.08366672400583809], [7.12, 0.3078264720038695], [7.14, 0.34802310110248014], [7.29, 0.2698707017465741], [7.31, 0.22851212464084095], [7.32, 0.06978053338090641], [7.32, 0.06780283379663933], [7.32, 0.07006819877792021], [7.33, 0.07909877246344686], [7.33, 0.08245317713652425], [7.33, 0.0778741359902377], [7.34, 0.07742194338668053], [7.34, 0.08450305334526001], [7.72, 0.08105206556131503], [7.72, 0.0815612570174682], [7.73, 0.13387049517029234], [7.74, 0.13220055236429692], [7.75, 0.07238589821629979], [7.75, 0.07369063113939227], [8.61, 0.11136639771549008], [8.62, 0.10953425009204083]]","[156.68, 149.75, 146.04, 137.88, 137.47, 133.97, 129.9, 129.75, 123.59, 122.79, 121.53, 53.02, 52.89, 23.2, 21.33]","[[1.88, 23.17], [2.37, 21.41], [2.91, 53.05], [3.48, 53.05], [3.78, 52.85], [6.96, 121.6], [6.96, 122.77], [7.13, 129.8], [7.3, 129.8], [7.33, 123.55], [7.73, 137.42], [8.61, 149.72]]","[[1.88, 2.92], [1.88, 3.48], [1.89, 1.9], [2.38, 2.39], [2.91, 2.92], [2.91, 3.5], [2.93, 1.89], [3.32, 3.33], [3.46, 1.89], [3.47, 3.47], [3.48, 2.92], [3.79, 6.97], [3.79, 3.8], [6.95, 3.8], [6.96, 7.74], [6.96, 6.97], [7.13, 7.3], [7.13, 7.15], [7.3, 7.15], [7.3, 7.32], [7.31, 8.62], [7.33, 7.74], [7.72, 6.97], [7.73, 7.74], [7.74, 7.33], [7.74, 6.97], [8.61, 8.63], [8.62, 7.74], [8.62, 7.33]]"
Brc1ccccc1C(=C(/C)CNC)/c1cccnc1,AZ12228081_aug_st,"[[2.06, 1.0], [2.86, 0.14244762975901934], [2.87, 0.14256519313549695], [6.22, 0.05694930605961646], [6.23, 0.12836586345277612], [6.24, 0.05618680780274542], [7.09, 0.20243478152154684], [7.1, 0.20907001194291822], [7.45, 0.1984961844537002], [7.46, 0.2067682878609508], [7.52, 0.029976529666073882], [7.52, 0.06960216097641049], [7.52, 0.027387008765717313], [7.53, 0.04949016059166481], [7.53, 0.018065243103303406], [7.54, 0.01920694592138732], [8.25, 0.04562110272615401], [8.5, 0.024618410962290484], [8.51, 0.02718911597088973]]","[150.03, 149.19, 140.79, 139.52, 138.34, 135.24, 132.2, 129.77, 129.57, 124.8, 121.84, 58.03, 45.28]","[[2.06, 45.01], [2.86, 57.67], [6.24, 129.4], [7.1, 129.58], [7.46, 124.48], [7.46, 132.04], [7.52, 138.02], [8.23, 149.79], [8.5, 148.92]]","[[2.06, 2.06], [2.85, 2.87], [2.86, 6.24], [6.23, 6.24], [6.24, 2.87], [7.1, 7.47], [7.11, 7.1], [7.45, 7.57], [7.45, 7.46], [7.46, 7.11], [7.47, 7.47], [7.47, 8.52], [7.51, 7.52], [8.25, 8.26], [8.51, 8.51], [8.51, 7.46]]"
