,SMILES,shifts,sample-id
0,CCN(CC)CCOC(=O)c1ccc(N)cc1,"[[1.00938345, 11.959391499999999], [2.82333565, 50.4787405], [2.9610374, 54.074207], [4.4207096, 63.750782], [6.743395, 114.214415], [7.6094687, 131.807715]]",AZ10006736
1,O=C(O)CCc1nc(-c2ccccc2)c(-c2ccccc2)o1,"[[2.6205378, 30.38643], [2.727264, 22.573988], [7.4209758, 129.03447], [7.5301, 128.95908], [7.5524235, 129.87238], [7.5858064, 129.37222], [7.72093435, 129.263585], [7.7511826500000005, 126.842893]]",AZ10011150
2,COc1cc(N[C@@H](C)CCCN)c2ncccc2c1,"[[1.2273663, 20.185846], [1.3607774, 27.657637], [1.6588097, 32.1068], [1.6588097, 32.1068], [2.5917544, 38.261555], [3.7123768, 55.775883], [4.3675, 47.23395], [6.8211217, 99.8647], [6.884052, 106.00289], [7.273552, 119.713264], [7.696651, 136.06273], [8.371415, 149.72295]]",AZ10011678
4,CN1CCN(CC(=O)N2c3ccccc3C(=O)Nc3cccnc32)CC1,"[[2.1831481, 43.638496], [2.70313255, 54.466175], [2.9235325, 53.132745], [3.5241008, 60.65886], [6.669561, 122.743645], [7.2492323, 134.59283], [7.2548447, 129.01419], [7.298567, 128.73929], [7.5333924, 125.7768], [7.5831323, 143.66547], [7.7656493, 132.06119]]",AZ10023088
5,O=C(O)c1ccccc1Nc1ccccc1,"[[7.0157113, 117.67146], [7.2011566, 119.99384], [7.20912165, 128.32608], [7.275579, 134.7399], [7.309677000000001, 116.626537], [7.3203907, 119.352165], [7.7794495, 132.48882]]",AZ10034756
6,CCCN(CCC)C1CCc2cccc(O)c2C1,"[[0.80767385, 12.551797], [1.53734035, 20.410555000000002], [1.7504756, 25.577742], [2.5767984, 27.108982], [2.6719024, 55.984003], [2.695241, 25.75257], [2.9236424, 53.125057], [6.5819325, 118.88639], [6.775385, 113.043625], [6.973157, 127.4255]]",AZ10075521
7,C[C@H](CN(C)C)CN1c2ccccc2Sc2ccccc21,"[[0.96649456, 15.486109], [2.0629815000000002, 44.9077385], [2.4087634, 28.951115], [2.4320214, 61.515495], [4.0013976, 49.596672], [6.7232669, 117.197698], [6.88221765, 122.7130025], [6.8974335, 127.513993], [7.2954705, 127.554987]]",AZ10096198
8,COc1cc(CC(=O)O)ccc1O,"[[3.5967157, 39.58186], [3.7898886, 55.654953], [6.6452394, 122.17699], [6.960208, 114.19652], [7.0986447, 112.220795]]",AZ10117523
9,Cc1nc2ccccn2c(=O)c1CCN1CCC(C(=O)c2ccc(F)cc2)CC1,"[[1.90884045, 25.977186], [2.4249766, 22.215918], [2.541212, 53.300465], [2.5573509, 23.487642], [2.6601388, 57.052483], [3.573181, 39.244816], [7.056302, 114.54112], [7.1773485, 114.32558], [7.5058694, 139.57872], [7.7488497, 131.321035], [8.006349, 122.05257], [8.664645, 131.06177]]",AZ10139651
10,CCN1CCC[C@@H]1CNC(=O)c1cc(S(N)(=O)=O)ccc1OC,"[[0.8781427, 13.400511], [1.5547599, 21.863348], [1.6415974, 28.46024], [2.7799115, 48.790638], [2.854464, 54.02997], [3.3592813, 40.5304], [3.3721085, 61.652023], [3.8662012000000003, 55.8142], [7.3346486, 113.02052], [7.680708, 129.65732], [8.096217, 128.91823]]",AZ10161092
11,CN1CCN([C@H](c2ccccc2)c2ccc(Cl)cc2)CC1,"[[2.084466, 43.738014], [2.5874528, 54.573647], [2.834368, 51.6498785], [4.698324, 70.19588], [7.108078000000001, 128.963965], [7.1892473500000005, 129.46588], [7.2374887, 128.4045], [7.25449865, 128.67075], [7.297079, 129.10670499999998]]",AZ10169773
12,O=C(O)CCC(=O)c1ccc(-c2ccccc2)cc1,"[[2.3303003, 27.31594], [3.1402261, 33.59211], [7.46649195, 129.85715], [7.61056, 129.52202], [7.7274671, 126.369655], [7.7735725, 129.32473], [7.834512849999999, 126.4690625]]",AZ10175972
13,COc1ccc([C@@H]2Sc3ccccc3N(CCN(C)C)C(=O)[C@@H]2OC(C)=O)cc1,"[[2.0568523, 20.370129], [2.1106224, 42.546052], [2.7449815, 57.150322], [3.671605, 55.594776], [3.827784, 47.769306], [5.071048, 52.420208], [5.520844, 72.958694], [6.7817485, 113.94780750000001], [6.871522, 129.60327], [7.020708, 128.54396], [7.0330276, 131.71756], [7.163338899999999, 129.252075], [7.3414083, 126.377426]]",AZ10180667
14,CCN(CC)CCNC(=O)c1ccc(N)cc1,"[[0.9241968950000001, 12.33063525], [2.6709006, 55.00505], [2.73401045, 49.332372], [3.1596706, 36.02921], [6.556893349999999, 114.34433250000001], [7.4419205, 129.92666]]",AZ10201976
15,Cc1cccc(Nc2cc(Cl)nc(SCC(=O)O)n2)c1C,"[[2.3291216, 17.846554], [2.3529408, 12.807661], [3.901463, 32.201195], [6.7039976, 106.24309], [6.893326, 125.462425], [7.004213, 125.238655], [7.619323, 121.23221]]",AZ10218817
16,O=C1C[C@@H](c2ccc(O)cc2)Oc2cc(O)cc(O)c21,"[[2.9480948, 41.819748], [5.418758, 98.37537], [5.452445, 79.42404], [5.5265903, 96.24477], [6.9755566, 115.83121], [7.3860125, 128.919725]]",AZ10282497
17,CCc1c(C)[nH]c2c1C(=O)[C@@H](CN1CCOCC1)CC2,"[[1.0496212, 16.508875], [1.9162555, 25.390768], [2.2681742, 11.085006], [2.5641055, 60.693665], [2.6376495, 52.1407795], [2.8296607, 18.405695], [2.9457452, 43.910275], [3.2022858, 19.748028], [3.63586745, 65.989652]]",AZ10421813
18,C[C@H](C(=O)O)c1ccc(N2Cc3ccccc3C2=O)cc1,"[[1.5640453, 17.381922], [4.6638894, 40.950363], [5.2207875, 51.261684], [7.1077228, 123.563324], [7.1718858, 128.430215], [7.177234, 130.04964], [7.42618085, 124.284175], [7.605623, 135.0096], [7.890809, 124.02628]]",AZ10522930
19,CCCN(CCC)[C@H]1CCc2ccc(O)cc2C1,"[[0.7925236, 12.746486], [1.51195095, 20.778239499999998], [1.6273326, 26.54225], [2.4756079, 32.71973], [2.6057515, 55.466538], [2.634111, 26.089779], [2.8766022, 54.842003], [6.532126, 113.965256], [6.6060395, 112.9868], [6.9180865, 130.1198]]",AZ10525406
20,Clc1ccc(Cn2c(CN3CCCC3)nc3ccccc32)cc1,"[[1.609956, 22.2604715], [2.9418507, 54.103341], [4.1713743, 55.672337], [5.45077, 46.39665], [7.3515676, 129.762925], [7.41633325, 129.481135], [7.4432087, 120.85514], [7.4746766, 118.96422], [7.848945, 119.36861], [7.881019, 110.62859]]",AZ10557846
21,CCN(CC)CCNC(=O)c1cc(Br)c(N)cc1OC,"[[0.9600974, 12.530147], [2.7018921, 54.357964], [2.75635575, 48.9575445], [3.2236416, 35.46432], [3.8137054, 55.989475], [6.6334577, 102.67656], [7.654561, 134.7917]]",AZ10626718
22,CN1CCC[C@H]1CCO[C@](C)(c1ccccc1)c1ccc(Cl)cc1,"[[1.4261864, 29.567608], [1.5659776, 21.525293], [1.6353165, 33.21705], [1.7458937, 26.468334], [2.1088266, 37.682987], [2.5820084, 55.94904], [2.5827334, 62.35113], [3.2982216, 61.85523], [7.1057205, 128.21749], [7.255327149999999, 128.11642], [7.2831197, 129.02986], [7.3800616, 129.30965], [7.5462684499999995, 128.43444]]",AZ10642506
23,c1ccc(C2CC2)c(OCC2NCCN2)c1,"[[0.7691344250000001, 6.97266725], [1.6450654, 11.096601], [3.32610085, 46.060013], [4.2185993, 68.39657], [4.6739073, 66.29323], [6.876863, 120.92894], [7.004128, 113.04092], [7.2492914, 128.69539], [7.3016863, 131.43634]]",AZ10720790
24,CN1[C@@H]2CC[C@H]1C[C@@H](OC(=O)c1c[nH]c3ccccc13)C2,"[[1.4821922, 28.041542], [1.7381976, 26.967945], [2.0091085, 34.98352], [2.0106726, 37.277023], [2.457601, 36.370125], [3.417872, 59.15713], [3.7417514, 61.157963], [5.288149, 68.14418], [7.186659, 119.7133], [7.2770185, 122.21049], [7.68325, 111.50883], [8.022509, 134.7884], [8.204911, 121.43722]]",AZ10828756
25,CC(C)NC[C@@H](O)COc1ccc(CCOCC2CC2)cc1,"[[0.18522778, 11.995147], [0.391145315, 3.8387527500000003], [1.1184064, 21.41173], [2.8465047, 34.184338], [2.9127567, 49.99279], [3.221413, 44.800175], [3.477537, 74.96165], [3.6865118, 69.566124], [4.0746493, 69.23628], [4.0903296, 68.96825], [6.890009, 114.224355], [6.9786442, 129.78612]]",AZ10854205
26,COc1ccc(C[C@@H](C)NC[C@H](O)c2ccc(O)c(NC=O)c2)cc1,"[[0.9863761700000001, 19.467628], [2.6755457, 43.600925], [2.9349809, 53.28954], [3.373163, 49.342464], [3.7181048000000003, 55.532322], [4.9583063, 72.18651], [6.751001, 115.149666], [6.821772, 113.7135695], [6.9087615, 122.118416], [6.95815825, 130.86782499999998], [7.6793823, 120.80205], [8.235232, 160.2177]]",AZ10930573
27,COc1c(C)c2c(c(O)c1C/C=C(\C)CCC(=O)O)C(=O)OC2,"[[1.8667461, 18.092833], [2.2296834, 31.781862], [2.3967376, 31.194746], [2.4138656, 10.030142], [3.5468652, 24.037388], [3.7626548, 60.663033], [5.2531714, 121.86458], [5.424463, 70.760345]]",AZ11034953
28,CCCN[C@@H]1CCc2c(OC)cccc2[C@@H]1C,"[[0.7500756000000001, 12.9165325], [1.1900375, 17.197443], [1.449796, 21.323307], [1.5399308, 22.834866], [2.6036255, 39.084724], [2.766652, 47.39359], [2.8299396, 20.38995], [2.8299396, 20.38995], [2.9358816, 57.2833], [3.7136830999999995, 55.56431], [6.6677685, 108.84963], [6.6745534, 120.47753], [7.005616, 124.868965]]",AZ11132517
29,Cc1ccsc1/C=C/C1=NCCCN1C,"[[1.8130826, 18.772306], [2.262517, 14.257672], [3.2028387, 47.256638], [3.3367121, 38.86379], [3.395115, 47.853798], [6.5774307, 133.63016], [6.765067, 117.8734], [7.018222, 132.33922], [7.218445, 126.36594]]",AZ11919687
30,CC(C)NC[C@H](O)COc1cccc2ccccc12,"[[1.10286345, 21.492299000000003], [2.9135702, 51.88856], [3.261918, 44.995876], [4.1151953, 68.197586], [4.1382585, 70.93348], [6.881254, 107.139114], [7.1521406, 117.871445], [7.2339115, 124.469734], [7.3533506, 127.47445], [7.5610156, 124.8981], [7.6209254, 127.55926], [7.8934245, 120.67217]]",AZ11942284
31,CN1CCc2cc3c(cc2[C@H]1[C@@H]1OC(=O)c2c1ccc1c2OCO1)OCO3,"[[2.4065826, 40.077026], [2.6739829, 27.96148], [3.1027212, 46.73683], [3.904382, 63.07632], [5.5480824, 82.02857], [6.1091404, 103.770775], [6.155194, 105.689224], [6.3133793, 107.28573], [6.7763157, 108.11236], [7.049754, 116.023796], [7.073781, 113.09517]]",AZ12093396
32,CN(C)CC/C=C1\c2ccccc2COc2ccccc21,"[[2.14776035, 44.404724], [2.2451584, 27.647213], [2.6569283, 59.051334], [5.2255864, 74.42192], [6.485633, 128.98354], [7.03325, 118.460594], [7.05973, 120.51794], [7.194864, 129.02983], [7.2335715, 130.70561], [7.242836, 129.50087], [7.248141, 128.77972], [7.329993, 130.56857], [7.4828925, 130.65567]]",AZ12129293
33,Cc1ccc(/C(=C\CN2CCCC2)c2ccccn2)cc1,"[[1.4227295500000001, 22.6837845], [2.5106065, 19.617744], [2.66283395, 55.3787], [3.143094, 58.599365], [6.813904, 129.90508], [7.1069833, 129.30265500000002], [7.1425314, 122.58201], [7.2158586499999995, 129.89881000000003], [7.3489275, 122.069084], [7.500132, 137.18228], [8.4580345, 148.54715]]",AZ12227950
34,CN(C)C/C=C(/c1ccc(Br)cc1)c1cccnc1,"[[2.1290023500000004, 42.527228], [3.17531, 58.245804], [6.0126543, 127.603294], [7.254671999999999, 129.32333], [7.318983, 122.2217], [7.322661200000001, 131.70037], [7.581918, 134.98349], [8.269285, 148.07642], [8.459783, 150.04814]]",AZ12228081
