SMILES,shifts,sample-id
CCN(CC)CCOC(=O)c1ccc(N)cc1,"[(0.9938343, 0.9938343), (0.9938343, 2.8189776), (1.0249326, 2.8276937), (1.0249326, 1.0249326), (2.8189776, 2.8189776), (2.8189776, 0.9938343), (2.8276937, 1.0249326), (2.8276937, 2.8276937), (2.9610374, 2.9610374), (2.9610374, 4.4207096), (4.4207096, 4.4207096), (4.4207096, 2.9610374), (6.741516, 6.741516), (6.741516, 7.6163864), (6.745274, 6.745274), (6.745274, 7.602551), (7.602551, 7.602551), (7.602551, 6.745274), (7.6163864, 7.6163864), (7.6163864, 6.741516)]",AZ10006736
O=C(O)CCc1nc(-c2ccccc2)c(-c2ccccc2)o1,"[(2.6205378, 2.6205378), (2.6205378, 2.727264), (2.727264, 2.6205378), (2.727264, 2.727264), (7.4091306, 7.7022185), (7.4091306, 7.5858064), (7.4091306, 7.4091306), (7.432821, 7.7396502), (7.432821, 7.432821), (7.432821, 7.5858064), (7.516332, 7.516332), (7.516332, 7.5524235), (7.516332, 7.749582), (7.543868, 7.7527833), (7.543868, 7.543868), (7.543868, 7.5524235), (7.5524235, 7.543868), (7.5524235, 7.5524235), (7.5524235, 7.516332), (7.5858064, 7.432821), (7.5858064, 7.5858064), (7.5858064, 7.4091306), (7.7022185, 7.7022185), (7.7022185, 7.4091306), (7.7396502, 7.7396502), (7.7396502, 7.432821), (7.749582, 7.749582), (7.749582, 7.516332), (7.7527833, 7.543868), (7.7527833, 7.7527833)]",AZ10011150
COc1cc(N[C@@H](C)CCCN)c2ncccc2c1,"[(1.2273663, 1.2273663), (1.2273663, 4.3675), (1.3607774, 2.5917544), (1.3607774, 1.6588097), (1.3607774, 1.3607774), (1.6588097, 1.6588097), (1.6588097, 1.3607774), (1.6588097, 4.3675), (2.5917544, 1.3607774), (2.5917544, 2.5917544), (3.7123768, 3.7123768), (4.3675, 4.3675), (4.3675, 1.6588097), (4.3675, 1.2273663), (6.8211217, 6.8211217), (6.884052, 6.884052), (7.273552, 7.273552), (7.273552, 7.696651), (7.273552, 8.371415), (7.696651, 7.273552), (7.696651, 7.696651), (8.371415, 7.273552), (8.371415, 8.371415)]",AZ10011678
CN1CCN(CC(=O)N2c3ccccc3C(=O)Nc3cccnc32)CC1,"[(2.1831481, 2.1831481), (2.698892, 2.927958), (2.698892, 2.698892), (2.7073731, 2.919107), (2.7073731, 2.7073731), (2.919107, 2.919107), (2.919107, 2.7073731), (2.927958, 2.927958), (2.927958, 2.698892), (3.5241008, 3.5241008), (6.669561, 6.669561), (6.669561, 7.298567), (6.669561, 7.5831323), (7.2492323, 7.5333924), (7.2492323, 7.2492323), (7.2492323, 7.2548447), (7.2548447, 7.2492323), (7.2548447, 7.2548447), (7.2548447, 7.7656493), (7.298567, 6.669561), (7.298567, 7.298567), (7.5333924, 7.5333924), (7.5333924, 7.2492323), (7.5831323, 6.669561), (7.5831323, 7.5831323), (7.7656493, 7.2548447), (7.7656493, 7.7656493)]",AZ10023088
O=C(O)c1ccccc1Nc1ccccc1,"[(7.0157113, 7.275579), (7.0157113, 7.7794495), (7.0157113, 7.0157113), (7.2011566, 7.2134233), (7.2011566, 7.20482), (7.2011566, 7.2011566), (7.20482, 7.2011566), (7.20482, 7.298822), (7.20482, 7.20482), (7.2134233, 7.2011566), (7.2134233, 7.320532), (7.2134233, 7.2134233), (7.275579, 7.0157113), (7.275579, 7.275579), (7.275579, 7.3203907), (7.298822, 7.20482), (7.298822, 7.298822), (7.3203907, 7.275579), (7.3203907, 7.3203907), (7.320532, 7.2134233), (7.320532, 7.320532), (7.7794495, 7.7794495), (7.7794495, 7.0157113)]",AZ10034756
CCCN(CCC)C1CCc2cccc(O)c2C1,"[(0.7968156, 0.7968156), (0.7968156, 1.5515113), (0.8185321, 0.8185321), (0.8185321, 1.5231694), (1.5231694, 2.6820972), (1.5231694, 1.5231694), (1.5231694, 0.8185321), (1.5515113, 2.6617076), (1.5515113, 1.5515113), (1.5515113, 0.7968156), (1.7504756, 2.9236424), (1.7504756, 2.695241), (1.7504756, 1.7504756), (2.5767984, 2.9236424), (2.5767984, 2.5767984), (2.6617076, 1.5515113), (2.6617076, 2.6617076), (2.6820972, 1.5231694), (2.6820972, 2.6820972), (2.695241, 1.7504756), (2.695241, 2.695241), (2.9236424, 1.7504756), (2.9236424, 2.9236424), (2.9236424, 2.5767984), (6.5819325, 6.5819325), (6.5819325, 6.973157), (6.775385, 6.973157), (6.775385, 6.775385), (6.973157, 6.5819325), (6.973157, 6.973157), (6.973157, 6.775385)]",AZ10075521
C[C@H](CN(C)C)CN1c2ccccc2Sc2ccccc21,"[(0.96649456, 2.4087634), (0.96649456, 0.96649456), (2.052514, 2.052514), (2.073449, 2.073449), (2.4087634, 2.4087634), (2.4087634, 2.4320214), (2.4087634, 0.96649456), (2.4087634, 4.0013976), (2.4320214, 2.4087634), (2.4320214, 2.4320214), (4.0013976, 4.0013976), (4.0013976, 2.4087634), (6.7177978, 6.7177978), (6.7177978, 6.8974304), (6.728736, 6.728736), (6.728736, 6.8974366), (6.8785787, 6.8974304), (6.8785787, 6.8785787), (6.8785787, 7.29065), (6.8858566, 6.8858566), (6.8858566, 7.300291), (6.8858566, 6.8974366), (6.8974304, 6.7177978), (6.8974304, 6.8974304), (6.8974304, 6.8785787), (6.8974366, 6.8974366), (6.8974366, 6.8858566), (6.8974366, 6.728736), (7.29065, 7.29065), (7.29065, 6.8785787), (7.300291, 7.300291), (7.300291, 6.8858566)]",AZ10096198
COc1cc(CC(=O)O)ccc1O,"[(3.5967157, 3.5967157), (3.7898886, 3.7898886), (6.6452394, 6.6452394), (6.6452394, 6.960208), (6.960208, 6.6452394), (6.960208, 6.960208), (7.0986447, 7.0986447)]",AZ10117523
Cc1nc2ccccn2c(=O)c1CCN1CCC(C(=O)c2ccc(F)cc2)CC1,"[(1.9079132, 3.573181), (1.9079132, 2.541569), (1.9079132, 1.9079132), (1.9097677, 3.573181), (1.9097677, 2.540855), (1.9097677, 1.9097677), (2.4249766, 2.4249766), (2.4249766, 2.6601388), (2.540855, 1.9097677), (2.540855, 2.540855), (2.541569, 1.9079132), (2.541569, 2.541569), (2.5573509, 2.5573509), (2.6601388, 2.4249766), (2.6601388, 2.6601388), (3.573181, 3.573181), (3.573181, 1.9079132), (3.573181, 1.9097677), (7.056302, 7.5058694), (7.056302, 7.056302), (7.056302, 8.664645), (7.176915, 7.745618), (7.176915, 7.176915), (7.177782, 7.177782), (7.177782, 7.7520814), (7.5058694, 7.5058694), (7.5058694, 7.056302), (7.5058694, 8.006349), (7.745618, 7.745618), (7.745618, 7.176915), (7.7520814, 7.177782), (7.7520814, 7.7520814), (8.006349, 7.5058694), (8.006349, 8.006349), (8.664645, 7.056302), (8.664645, 8.664645)]",AZ10139651
CCN1CCC[C@@H]1CNC(=O)c1cc(S(N)(=O)=O)ccc1OC,"[(0.8781427, 0.8781427), (0.8781427, 2.7799115), (1.5547599, 2.854464), (1.5547599, 1.6415974), (1.5547599, 1.5547599), (1.6415974, 3.3721085), (1.6415974, 1.5547599), (1.6415974, 1.6415974), (2.7799115, 2.7799115), (2.7799115, 0.8781427), (2.854464, 1.5547599), (2.854464, 2.854464), (3.3592813, 3.3721085), (3.3592813, 3.3592813), (3.3721085, 3.3721085), (3.3721085, 3.3592813), (3.3721085, 1.6415974), (3.8662012, 3.8662012), (7.3346486, 7.680708), (7.3346486, 7.3346486), (7.680708, 7.680708), (7.680708, 7.3346486), (8.096217, 8.096217)]",AZ10161092
CN1CCN([C@H](c2ccccc2)c2ccc(Cl)cc2)CC1,"[(2.084466, 2.084466), (2.5860434, 2.5860434), (2.5860434, 2.8374114), (2.5888622, 2.8313246), (2.5888622, 2.5888622), (2.8313246, 2.8313246), (2.8313246, 2.5888622), (2.8374114, 2.8374114), (2.8374114, 2.5860434), (4.698324, 4.698324), (7.1056366, 7.302898), (7.1056366, 7.1056366), (7.1056366, 7.2374887), (7.1105194, 7.1105194), (7.1105194, 7.2374887), (7.1105194, 7.29126), (7.1832757, 7.259446), (7.1832757, 7.1832757), (7.195219, 7.195219), (7.195219, 7.2495513), (7.2374887, 7.1056366), (7.2374887, 7.2374887), (7.2374887, 7.1105194), (7.2495513, 7.195219), (7.2495513, 7.2495513), (7.259446, 7.259446), (7.259446, 7.1832757), (7.29126, 7.29126), (7.29126, 7.1105194), (7.302898, 7.302898), (7.302898, 7.1056366)]",AZ10169773
O=C(O)CCC(=O)c1ccc(-c2ccccc2)cc1,"[(2.3303003, 2.3303003), (2.3303003, 3.1402261), (3.1402261, 3.1402261), (3.1402261, 2.3303003), (7.4486866, 7.7243586), (7.4486866, 7.4486866), (7.4486866, 7.61056), (7.4842973, 7.7305756), (7.4842973, 7.61056), (7.4842973, 7.4842973), (7.61056, 7.4842973), (7.61056, 7.4486866), (7.61056, 7.61056), (7.7243586, 7.7243586), (7.7243586, 7.4486866), (7.7305756, 7.4842973), (7.7305756, 7.7305756), (7.771428, 7.83653), (7.771428, 7.771428), (7.775717, 7.775717), (7.775717, 7.8324957), (7.8324957, 7.775717), (7.8324957, 7.8324957), (7.83653, 7.83653), (7.83653, 7.771428)]",AZ10175972
COc1ccc([C@@H]2Sc3ccccc3N(CCN(C)C)C(=O)[C@@H]2OC(C)=O)cc1,"[(2.0568523, 2.0568523), (2.1100564, 2.1100564), (2.1111884, 2.1111884), (2.7449815, 2.7449815), (2.7449815, 3.827784), (3.671605, 3.671605), (3.827784, 3.827784), (3.827784, 2.7449815), (5.071048, 5.071048), (5.071048, 5.520844), (5.520844, 5.071048), (5.520844, 5.520844), (6.772589, 6.772589), (6.772589, 7.1680703), (6.790908, 6.790908), (6.790908, 7.1586075), (6.871522, 6.871522), (6.871522, 7.020708), (6.871522, 7.3414083), (7.020708, 7.0330276), (7.020708, 7.020708), (7.020708, 6.871522), (7.0330276, 7.0330276), (7.0330276, 7.020708), (7.1586075, 7.1586075), (7.1586075, 6.790908), (7.1680703, 7.1680703), (7.1680703, 6.772589), (7.3414083, 7.3414083), (7.3414083, 6.871522)]",AZ10180667
CCN(CC)CCNC(=O)c1ccc(N)cc1,"[(0.91629636, 0.91629636), (0.91629636, 2.7291832), (0.93209743, 0.93209743), (0.93209743, 2.7388377), (2.6709006, 2.6709006), (2.6709006, 3.1596706), (2.7291832, 2.7291832), (2.7291832, 0.91629636), (2.7388377, 2.7388377), (2.7388377, 0.93209743), (3.1596706, 3.1596706), (3.1596706, 2.6709006), (6.5486007, 6.5486007), (6.5486007, 7.449214), (6.565186, 6.565186), (6.565186, 7.434627), (7.434627, 7.434627), (7.434627, 6.565186), (7.449214, 7.449214), (7.449214, 6.5486007)]",AZ10201976
Cc1cccc(Nc2cc(Cl)nc(SCC(=O)O)n2)c1C,"[(2.3291216, 2.3291216), (2.3529408, 2.3529408), (3.901463, 3.901463), (6.7039976, 6.7039976), (6.893326, 7.004213), (6.893326, 6.893326), (7.004213, 6.893326), (7.004213, 7.004213), (7.004213, 7.619323), (7.619323, 7.004213), (7.619323, 7.619323)]",AZ10218817
O=C1C[C@@H](c2ccc(O)cc2)Oc2cc(O)cc(O)c21,"[(2.9480948, 2.9480948), (2.9480948, 5.452445), (5.418758, 5.418758), (5.452445, 5.452445), (5.452445, 2.9480948), (5.5265903, 5.5265903), (6.9748187, 7.377174), (6.9748187, 6.9748187), (6.9762945, 7.394851), (6.9762945, 6.9762945), (7.377174, 6.9748187), (7.377174, 7.377174), (7.394851, 6.9762945), (7.394851, 7.394851)]",AZ10282497
CCc1c(C)[nH]c2c1C(=O)[C@@H](CN1CCOCC1)CC2,"[(1.0496212, 2.8296607), (1.0496212, 1.0496212), (1.9162555, 3.2022858), (1.9162555, 2.9457452), (1.9162555, 1.9162555), (2.2681742, 2.2681742), (2.5641055, 2.9457452), (2.5641055, 2.5641055), (2.634383, 2.634383), (2.634383, 3.6381254), (2.640916, 2.640916), (2.640916, 3.6336095), (2.8296607, 1.0496212), (2.8296607, 2.8296607), (2.9457452, 1.9162555), (2.9457452, 2.9457452), (2.9457452, 2.5641055), (3.2022858, 3.2022858), (3.2022858, 1.9162555), (3.6336095, 3.6336095), (3.6336095, 2.640916), (3.6381254, 3.6381254), (3.6381254, 2.634383)]",AZ10421813
C[C@H](C(=O)O)c1ccc(N2Cc3ccccc3C2=O)cc1,"[(1.5640453, 1.5640453), (1.5640453, 4.6638894), (4.6638894, 4.6638894), (4.6638894, 1.5640453), (5.2207875, 5.2207875), (7.1077228, 7.1077228), (7.1077228, 7.605623), (7.16739, 7.4336147), (7.16739, 7.16739), (7.1763816, 7.1763816), (7.1763816, 7.418747), (7.177234, 7.890809), (7.177234, 7.605623), (7.177234, 7.177234), (7.418747, 7.1763816), (7.418747, 7.418747), (7.4336147, 7.16739), (7.4336147, 7.4336147), (7.605623, 7.1077228), (7.605623, 7.605623), (7.605623, 7.177234), (7.890809, 7.177234), (7.890809, 7.890809)]",AZ10522930
CCCN(CCC)[C@H]1CCc2ccc(O)cc2C1,"[(0.7830458, 0.7830458), (0.7830458, 1.5178572), (0.8020014, 0.8020014), (0.8020014, 1.5060447), (1.5060447, 2.609568), (1.5060447, 1.5060447), (1.5060447, 0.8020014), (1.5178572, 2.601935), (1.5178572, 1.5178572), (1.5178572, 0.7830458), (1.6273326, 2.8766022), (1.6273326, 2.634111), (1.6273326, 1.6273326), (2.4756079, 2.8766022), (2.4756079, 2.4756079), (2.601935, 1.5178572), (2.601935, 2.601935), (2.609568, 1.5060447), (2.609568, 2.609568), (2.634111, 1.6273326), (2.634111, 2.634111), (2.8766022, 1.6273326), (2.8766022, 2.8766022), (2.8766022, 2.4756079), (6.532126, 6.532126), (6.6060395, 6.9180865), (6.6060395, 6.6060395), (6.9180865, 6.9180865), (6.9180865, 6.6060395)]",AZ10525406
Clc1ccc(Cn2c(CN3CCCC3)nc3ccccc32)cc1,"[(1.6091995, 2.9438179), (1.6091995, 1.6107125), (1.6091995, 1.6091995), (1.6107125, 2.9398835), (1.6107125, 1.6091995), (1.6107125, 1.6107125), (2.9398835, 1.6107125), (2.9398835, 2.9398835), (2.9438179, 1.6091995), (2.9438179, 2.9438179), (4.1713743, 4.1713743), (5.45077, 5.45077), (7.345474, 7.345474), (7.345474, 7.412026), (7.3576612, 7.4206405), (7.3576612, 7.3576612), (7.412026, 7.345474), (7.412026, 7.412026), (7.4206405, 7.4206405), (7.4206405, 7.3576612), (7.4432087, 7.4746766), (7.4432087, 7.4432087), (7.4432087, 7.881019), (7.4746766, 7.848945), (7.4746766, 7.4746766), (7.4746766, 7.4432087), (7.848945, 7.4746766), (7.848945, 7.848945), (7.881019, 7.4432087), (7.881019, 7.881019)]",AZ10557846
CCN(CC)CCNC(=O)c1cc(Br)c(N)cc1OC,"[(0.95466715, 0.95466715), (0.95466715, 2.7568681), (0.96552765, 0.96552765), (0.96552765, 2.7558434), (2.7018921, 2.7018921), (2.7018921, 3.2236416), (2.7558434, 2.7558434), (2.7558434, 0.96552765), (2.7568681, 0.95466715), (2.7568681, 2.7568681), (3.2236416, 2.7018921), (3.2236416, 3.2236416), (3.8137054, 3.8137054), (6.6334577, 6.6334577), (7.654561, 7.654561)]",AZ10626718
CN1CCC[C@H]1CCO[C@](C)(c1ccccc1)c1ccc(Cl)cc1,"[(1.4261864, 2.5827334), (1.4261864, 1.5659776), (1.4261864, 1.4261864), (1.5659776, 2.5820084), (1.5659776, 1.4261864), (1.5659776, 1.5659776), (1.6353165, 3.2982216), (1.6353165, 2.5827334), (1.6353165, 1.6353165), (1.7458937, 1.7458937), (2.1088266, 2.1088266), (2.5820084, 1.5659776), (2.5820084, 2.5820084), (2.5827334, 1.4261864), (2.5827334, 1.6353165), (2.5827334, 2.5827334), (3.2982216, 3.2982216), (3.2982216, 1.6353165), (7.095857, 7.5325956), (7.095857, 7.095857), (7.095857, 7.2831197), (7.115584, 7.2831197), (7.115584, 7.115584), (7.115584, 7.5599413), (7.2485113, 7.390069), (7.2485113, 7.2485113), (7.262143, 7.3700542), (7.262143, 7.262143), (7.2831197, 7.095857), (7.2831197, 7.2831197), (7.2831197, 7.115584), (7.3700542, 7.3700542), (7.3700542, 7.262143), (7.390069, 7.390069), (7.390069, 7.2485113), (7.5325956, 7.5325956), (7.5325956, 7.095857), (7.5599413, 7.115584), (7.5599413, 7.5599413)]",AZ10642506
c1ccc(C2CC2)c(OCC2NCCN2)c1,"[(0.76770675, 0.7705621), (0.76770675, 0.76770675), (0.76770675, 1.6450654), (0.7705621, 0.7705621), (0.7705621, 0.76770675), (0.7705621, 1.6450654), (1.6450654, 1.6450654), (1.6450654, 0.76770675), (1.6450654, 0.7705621), (3.325991, 3.325991), (3.325991, 3.3262107), (3.3262107, 3.325991), (3.3262107, 3.3262107), (4.2185993, 4.2185993), (4.2185993, 4.6739073), (4.6739073, 4.2185993), (4.6739073, 4.6739073), (6.876863, 6.876863), (6.876863, 7.2492914), (6.876863, 7.3016863), (7.004128, 7.2492914), (7.004128, 7.004128), (7.2492914, 7.2492914), (7.2492914, 7.004128), (7.2492914, 6.876863), (7.3016863, 7.3016863), (7.3016863, 6.876863)]",AZ10720790
CN1[C@@H]2CC[C@H]1C[C@@H](OC(=O)c1c[nH]c3ccccc13)C2,"[(1.4821922, 3.7417514), (1.4821922, 1.7381976), (1.4821922, 1.4821922), (1.7381976, 3.417872), (1.7381976, 1.4821922), (1.7381976, 1.7381976), (2.0091085, 5.288149), (2.0091085, 2.0091085), (2.0091085, 3.417872), (2.0106726, 5.288149), (2.0106726, 2.0106726), (2.0106726, 3.7417514), (2.457601, 2.457601), (3.417872, 3.417872), (3.417872, 2.0091085), (3.417872, 1.7381976), (3.7417514, 3.7417514), (3.7417514, 2.0106726), (3.7417514, 1.4821922), (5.288149, 2.0091085), (5.288149, 5.288149), (5.288149, 2.0106726), (7.186659, 7.2770185), (7.186659, 7.186659), (7.186659, 8.204911), (7.2770185, 7.68325), (7.2770185, 7.2770185), (7.2770185, 7.186659), (7.68325, 7.68325), (7.68325, 7.2770185), (8.022509, 8.022509), (8.204911, 7.186659), (8.204911, 8.204911)]",AZ10828756
CC(C)NC[C@@H](O)COc1ccc(CCOCC2CC2)cc1,"[(0.18522778, 3.477537), (0.18522778, 0.18522778), (0.18522778, 0.39377847), (0.18522778, 0.38851216), (0.38851216, 0.18522778), (0.38851216, 0.39377847), (0.38851216, 0.38851216), (0.39377847, 0.18522778), (0.39377847, 0.39377847), (0.39377847, 0.38851216), (1.1140071, 3.221413), (1.1140071, 1.1140071), (1.1228057, 3.221413), (1.1228057, 1.1228057), (2.8465047, 2.8465047), (2.8465047, 3.6865118), (2.9127567, 2.9127567), (2.9127567, 4.0903296), (3.221413, 3.221413), (3.221413, 1.1228057), (3.221413, 1.1140071), (3.477537, 0.18522778), (3.477537, 3.477537), (3.6865118, 3.6865118), (3.6865118, 2.8465047), (4.0746493, 4.0903296), (4.0746493, 4.0746493), (4.0903296, 4.0903296), (4.0903296, 4.0746493), (4.0903296, 2.9127567), (6.887288, 6.887288), (6.887288, 6.9856324), (6.89273, 6.971656), (6.89273, 6.89273), (6.971656, 6.971656), (6.971656, 6.89273), (6.9856324, 6.887288), (6.9856324, 6.9856324)]",AZ10854205
COc1ccc(C[C@@H](C)NC[C@H](O)c2ccc(O)c(NC=O)c2)cc1,"[(0.98637617, 3.373163), (0.98637617, 0.98637617), (2.6755457, 2.6755457), (2.6755457, 3.373163), (2.9349809, 2.9349809), (2.9349809, 4.9583063), (3.373163, 0.98637617), (3.373163, 3.373163), (3.373163, 2.6755457), (3.7181048, 3.7181048), (4.9583063, 4.9583063), (4.9583063, 2.9349809), (6.751001, 6.9087615), (6.751001, 6.751001), (6.821094, 6.9442015), (6.821094, 6.821094), (6.82245, 6.972115), (6.82245, 6.82245), (6.9087615, 6.9087615), (6.9087615, 6.751001), (6.9442015, 6.9442015), (6.9442015, 6.821094), (6.972115, 6.82245), (6.972115, 6.972115), (7.6793823, 7.6793823), (8.235232, 8.235232)]",AZ10930573
COc1c(C)c2c(c(O)c1C/C=C(\C)CCC(=O)O)C(=O)OC2,"[(1.8667461, 1.8667461), (2.2296834, 2.3967376), (2.2296834, 2.2296834), (2.3967376, 2.3967376), (2.3967376, 2.2296834), (2.4138656, 2.4138656), (3.5468652, 3.5468652), (3.5468652, 5.2531714), (3.7626548, 3.7626548), (5.2531714, 5.2531714), (5.2531714, 3.5468652), (5.424463, 5.424463)]",AZ11034953
CCCN[C@@H]1CCc2c(OC)cccc2[C@@H]1C,"[(0.7500756, 0.7500756), (0.7500756, 1.449796), (1.1900375, 2.6036255), (1.1900375, 1.1900375), (1.449796, 2.766652), (1.449796, 1.449796), (1.449796, 0.7500756), (1.5399308, 2.9358816), (1.5399308, 2.8299396), (1.5399308, 1.5399308), (2.6036255, 1.1900375), (2.6036255, 2.9358816), (2.6036255, 2.6036255), (2.766652, 1.449796), (2.766652, 2.766652), (2.8299396, 1.5399308), (2.8299396, 2.8299396), (2.9358816, 1.5399308), (2.9358816, 2.9358816), (2.9358816, 2.6036255), (3.7136831, 3.7136831), (6.6677685, 6.6677685), (6.6677685, 7.005616), (6.6745534, 6.6745534), (6.6745534, 7.005616), (7.005616, 7.005616), (7.005616, 6.6677685), (7.005616, 6.6745534)]",AZ11132517
Cc1ccsc1/C=C/C1=NCCCN1C,"[(1.8130826, 3.2028387), (1.8130826, 3.395115), (1.8130826, 1.8130826), (2.262517, 2.262517), (3.2028387, 3.2028387), (3.2028387, 1.8130826), (3.3367121, 3.3367121), (3.395115, 1.8130826), (3.395115, 3.395115), (6.5774307, 7.218445), (6.5774307, 6.5774307), (6.765067, 7.018222), (6.765067, 6.765067), (7.018222, 6.765067), (7.018222, 7.018222), (7.218445, 6.5774307), (7.218445, 7.218445)]",AZ11919687
CC(C)NC[C@H](O)COc1cccc2ccccc12,"[(1.0837194, 3.261918), (1.0837194, 1.0837194), (1.1220075, 3.261918), (1.1220075, 1.1220075), (2.9135702, 2.9135702), (2.9135702, 4.1151953), (3.261918, 3.261918), (3.261918, 1.1220075), (3.261918, 1.0837194), (4.1151953, 4.1151953), (4.1151953, 4.1382585), (4.1151953, 2.9135702), (4.1382585, 4.1151953), (4.1382585, 4.1382585), (6.881254, 6.881254), (6.881254, 7.5610156), (7.1521406, 7.5610156), (7.1521406, 7.1521406), (7.2339115, 7.3533506), (7.2339115, 7.2339115), (7.2339115, 7.8934245), (7.3533506, 7.6209254), (7.3533506, 7.3533506), (7.3533506, 7.2339115), (7.5610156, 7.5610156), (7.5610156, 7.1521406), (7.5610156, 6.881254), (7.6209254, 7.6209254), (7.6209254, 7.3533506), (7.8934245, 7.2339115), (7.8934245, 7.8934245)]",AZ11942284
CN1CCc2cc3c(cc2[C@H]1[C@@H]1OC(=O)c2c1ccc1c2OCO1)OCO3,"[(2.4065826, 2.4065826), (2.6739829, 3.1027212), (2.6739829, 2.6739829), (3.1027212, 2.6739829), (3.1027212, 3.1027212), (3.904382, 3.904382), (3.904382, 5.5480824), (5.5480824, 5.5480824), (5.5480824, 3.904382), (6.1091404, 6.1091404), (6.155194, 6.155194), (6.3133793, 6.3133793), (6.7763157, 6.7763157), (7.049754, 7.049754), (7.049754, 7.073781), (7.073781, 7.049754), (7.073781, 7.073781)]",AZ12093396
CN(C)CC/C=C1\c2ccccc2COc2ccccc21,"[(2.139089, 2.139089), (2.1564317, 2.1564317), (2.2451584, 2.6569283), (2.2451584, 2.2451584), (2.2451584, 6.485633), (2.6569283, 2.6569283), (2.6569283, 2.2451584), (5.2255864, 5.2255864), (6.485633, 6.485633), (6.485633, 2.2451584), (7.03325, 7.2335715), (7.03325, 7.03325), (7.05973, 7.2335715), (7.05973, 7.05973), (7.05973, 7.329993), (7.194864, 7.4828925), (7.194864, 7.194864), (7.194864, 7.248141), (7.2335715, 7.03325), (7.2335715, 7.2335715), (7.2335715, 7.05973), (7.242836, 7.242836), (7.242836, 7.4828925), (7.248141, 7.248141), (7.248141, 7.194864), (7.329993, 7.05973), (7.329993, 7.329993), (7.4828925, 7.242836), (7.4828925, 7.4828925), (7.4828925, 7.194864)]",AZ12129293
Cc1ccc(/C(=C\CN2CCCC2)c2ccccn2)cc1,"[(1.4197344, 2.6627269), (1.4197344, 1.4257247), (1.4197344, 1.4197344), (1.4257247, 2.662941), (1.4257247, 1.4197344), (1.4257247, 1.4257247), (2.5106065, 2.5106065), (2.6627269, 1.4197344), (2.6627269, 2.6627269), (2.662941, 1.4257247), (2.662941, 2.662941), (3.143094, 3.143094), (3.143094, 6.813904), (6.813904, 6.813904), (6.813904, 3.143094), (7.1036696, 7.216164), (7.1036696, 7.1036696), (7.110297, 7.110297), (7.110297, 7.2155533), (7.1425314, 7.1425314), (7.1425314, 7.500132), (7.2155533, 7.2155533), (7.2155533, 7.110297), (7.216164, 7.1036696), (7.216164, 7.216164), (7.3489275, 7.500132), (7.3489275, 7.3489275), (7.3489275, 8.4580345), (7.500132, 7.1425314), (7.500132, 7.500132), (7.500132, 7.3489275), (8.4580345, 7.3489275), (8.4580345, 8.4580345)]",AZ12227950
CN(C)C/C=C(/c1ccc(Br)cc1)c1cccnc1,"[(2.1279707, 2.1279707), (2.130034, 2.130034), (3.17531, 3.17531), (3.17531, 6.0126543), (6.0126543, 6.0126543), (6.0126543, 3.17531), (7.252255, 7.252255), (7.252255, 7.3236074), (7.257089, 7.321715), (7.257089, 7.257089), (7.318983, 7.581918), (7.318983, 7.318983), (7.318983, 8.459783), (7.321715, 7.321715), (7.321715, 7.257089), (7.3236074, 7.252255), (7.3236074, 7.3236074), (7.581918, 7.318983), (7.581918, 7.581918), (8.269285, 8.269285), (8.459783, 7.318983), (8.459783, 8.459783)]",AZ12228081
